days_cash_on_hand,current_ratio,burn_rate_monthly_rm,purchase_amount,purchase_to_burn,is_digitalisation,is_agri,monthly_net_cash,recommended_product,label
87.4,1.511,13246.12,27935.86,2.109,1,0,7785.24,grant,0
69.1,1.992,13979.48,9337.46,0.668,0,1,21766.08,grant,0
63.4,1.42,11035.61,4220.45,0.382,0,0,-5000.0,cash,0
60.9,1.266,11400.49,7336.28,0.644,0,0,-5000.0,bnpl,0
111.6,1.487,10202.5,5521.41,0.541,0,0,2201.11,grant,0
77.8,1.228,11720.14,8687.57,0.741,1,0,6749.51,micro_credit,0
60.0,2.069,9837.2,6756.49,0.687,0,0,26805.81,cash,0
44.5,1.608,8000.0,5822.57,0.728,1,1,15543.5,grant,0
93.5,1.598,9395.24,10243.44,1.09,0,0,-5000.0,micro_credit,0
57.0,1.421,15925.95,14603.11,0.917,0,0,-5000.0,grant,0
83.1,1.442,8000.0,16922.88,2.115,0,0,30557.99,micro_credit,0
98.3,1.315,8611.51,14504.22,1.684,0,0,29559.81,bnpl,0
63.0,1.498,8000.0,6260.94,0.783,1,0,26625.46,cash,0
108.9,1.53,15546.48,14748.55,0.949,0,0,387.84,grant,0
84.0,1.981,9738.85,28582.62,2.935,0,1,-5000.0,grant,0
95.5,1.574,8651.14,12714.12,1.47,0,0,-5000.0,cash,0
69.5,1.65,19245.88,9090.19,0.472,0,0,-2552.88,micro_credit,0
62.5,1.806,11475.14,9032.93,0.787,0,0,21238.81,bnpl,0
77.4,1.821,8000.0,10094.9,1.262,0,0,4942.05,bnpl,0
38.4,1.633,11130.84,12122.43,1.089,0,0,7777.43,micro_credit,1
39.6,1.432,8482.65,7775.61,0.917,0,0,9096.86,bnpl,0
85.1,2.078,10706.0,13927.95,1.301,0,0,10659.97,bnpl,0
27.0,1.543,10169.05,46853.6,4.607,0,0,8537.5,micro_credit,1
82.5,1.54,8000.0,22664.44,2.833,0,0,25534.79,cash,0
94.8,1.295,18606.34,5591.38,0.301,1,0,22563.43,grant,0
129.8,1.273,8000.0,12769.42,1.596,0,0,2937.44,micro_credit,0
36.2,1.569,8000.0,15685.25,1.961,0,0,-4549.64,cash,1
113.7,1.331,8561.86,18909.78,2.209,0,0,-5000.0,bnpl,0
80.7,1.916,8000.0,13380.43,1.673,1,0,16677.89,cash,0
94.5,1.204,8000.0,16107.94,2.013,1,0,17345.72,grant,0
81.3,1.647,8000.0,13735.51,1.717,0,1,17275.3,cash,0
57.1,2.072,12249.31,6277.85,0.513,1,0,23817.96,grant,0
50.6,1.77,16670.03,7697.3,0.462,0,0,29340.77,micro_credit,0
85.3,1.78,23238.29,10562.2,0.455,1,0,-1567.25,bnpl,0
52.8,1.322,9559.63,14583.32,1.526,0,0,16980.43,grant,0
95.7,1.554,19036.06,10450.85,0.549,1,0,60963.04,grant,0
90.6,1.31,8000.0,15762.04,1.97,0,1,7977.67,bnpl,0
92.9,1.683,9578.03,7587.55,0.792,1,0,-5000.0,grant,0
63.8,1.79,10898.08,6092.68,0.559,0,0,15117.26,cash,0
84.6,1.303,10606.01,12481.65,1.177,1,0,-5000.0,bnpl,0
83.9,1.707,16112.86,21581.49,1.339,0,0,-5000.0,grant,0
51.6,1.694,12471.53,16046.98,1.287,0,0,80000.0,bnpl,0
89.3,1.868,15203.8,17296.6,1.138,0,1,6325.15,micro_credit,0
94.0,1.334,8896.66,9256.21,1.04,0,0,13473.73,cash,0
132.9,1.027,13478.04,4979.11,0.369,0,0,3505.23,grant,0
102.2,1.568,8000.0,8156.6,1.02,0,0,24232.76,bnpl,0
56.7,1.611,10102.19,8447.45,0.836,0,1,50590.99,grant,0
90.8,0.983,10763.37,8400.26,0.78,0,0,27343.8,grant,0
55.2,1.518,12422.25,19460.95,1.567,0,0,-5000.0,cash,0
66.6,1.417,8000.0,31920.38,3.99,0,1,19289.67,bnpl,0
43.5,1.807,25718.61,21329.7,0.829,1,1,-5000.0,cash,0
62.9,1.905,8000.0,15430.49,1.929,0,0,25943.41,grant,0
51.8,1.533,8000.0,6881.46,0.86,1,0,7453.77,grant,0
43.8,2.007,8000.0,9489.83,1.186,0,0,14353.33,micro_credit,1
111.0,1.148,16704.34,12156.61,0.728,0,0,-5000.0,micro_credit,0
86.6,1.606,8000.0,12561.49,1.57,1,0,5064.36,grant,0
77.8,1.735,20205.45,6119.29,0.303,0,0,50394.6,bnpl,0
26.2,1.508,12896.91,14108.68,1.094,0,0,791.41,grant,1
69.8,1.412,8000.0,19288.82,2.411,0,1,18426.28,cash,0
57.7,1.802,11364.9,18902.97,1.663,0,1,23333.32,bnpl,0
54.3,1.393,13853.35,16910.73,1.221,0,0,11623.77,grant,0
77.9,1.908,8000.0,16332.36,2.042,0,0,8360.53,cash,0
69.6,1.858,14349.03,18909.7,1.318,0,0,35498.62,cash,0
75.5,1.741,8607.42,14447.71,1.679,0,0,9657.43,bnpl,0
77.4,1.717,8000.0,38208.49,4.776,0,1,-5000.0,grant,0
44.6,1.874,14132.72,17039.1,1.206,1,1,23310.22,cash,1
74.7,1.299,10240.56,8329.52,0.813,0,0,29552.16,cash,0
71.3,1.319,8564.46,15170.56,1.771,0,0,1852.96,grant,0
54.4,1.618,11050.54,9147.0,0.828,0,0,3521.31,grant,0
80.8,1.145,8000.0,8142.53,1.018,0,0,8157.95,micro_credit,0
82.8,1.963,14558.74,11070.44,0.76,0,0,11657.71,bnpl,0
49.9,1.545,8691.52,14436.21,1.661,0,0,-2890.16,grant,0
88.0,1.979,9424.41,15077.24,1.6,1,1,24422.59,cash,0
65.0,1.613,9953.37,12755.55,1.282,1,0,-1914.18,bnpl,0
75.6,1.689,19015.59,20488.09,1.077,0,0,50757.28,grant,0
55.8,1.794,10748.31,40311.48,3.75,1,0,-2549.37,bnpl,0
54.0,1.382,8000.0,9052.85,1.132,1,0,-1664.39,micro_credit,0
78.8,1.646,23023.64,20388.64,0.886,1,1,1615.73,micro_credit,0
52.5,1.688,8000.0,33100.46,4.138,0,1,33229.92,bnpl,0
63.3,1.07,18201.2,11350.34,0.624,0,0,34280.69,bnpl,0
35.1,1.382,9920.51,12404.81,1.25,0,0,3898.82,bnpl,1
90.6,1.251,9282.9,12915.23,1.391,0,0,21259.9,bnpl,0
92.8,1.235,8000.0,24409.37,3.051,0,0,17981.65,micro_credit,1
56.3,1.984,10425.95,23123.7,2.218,1,0,13215.33,bnpl,0
126.5,2.041,8848.17,20627.16,2.331,1,0,23616.77,bnpl,0
109.2,1.28,13476.78,21636.42,1.605,0,1,-5000.0,bnpl,1
45.4,0.979,8767.15,17937.49,2.046,0,0,39042.43,grant,0
76.9,2.006,8000.0,4736.91,0.592,1,0,11000.14,bnpl,0
84.6,1.541,8000.0,11510.14,1.439,0,0,-5000.0,cash,0
91.7,1.653,8000.0,9112.23,1.139,1,0,-5000.0,micro_credit,0
73.4,1.817,8000.0,15950.18,1.994,0,1,2455.36,micro_credit,0
55.2,1.52,8000.0,8915.02,1.114,1,0,-5000.0,bnpl,0
124.1,1.56,8000.0,13598.15,1.7,1,0,9978.1,bnpl,0
69.5,1.722,13917.17,9029.25,0.649,0,1,1635.27,cash,0
68.1,0.905,8000.0,25636.72,3.205,0,0,41609.42,micro_credit,1
68.8,1.711,11385.12,65734.85,5.774,0,0,32152.35,bnpl,0
71.8,1.282,8000.0,13519.72,1.69,0,0,-1614.31,micro_credit,0
39.4,1.369,8000.0,30574.69,3.822,0,0,27869.52,micro_credit,1
74.8,1.964,10247.77,7527.32,0.735,0,0,39416.23,grant,0
88.5,1.26,9084.71,7468.21,0.822,0,0,-5000.0,grant,0
98.2,2.085,8000.0,16475.56,2.059,1,0,288.43,bnpl,0
62.8,1.384,8000.0,12415.33,1.552,1,0,-2957.1,bnpl,0
81.8,1.536,8888.14,7338.13,0.826,0,1,1618.12,cash,0
93.9,1.69,8000.0,12767.18,1.596,0,0,25524.97,bnpl,0
33.3,1.702,8000.0,16544.84,2.068,1,0,-1738.66,cash,1
29.9,1.094,10113.62,13944.6,1.379,0,1,-4277.7,grant,1
91.0,1.085,9607.16,6210.15,0.646,0,1,266.95,grant,0
76.2,1.309,8324.43,21024.86,2.526,0,0,1615.95,micro_credit,0
95.9,1.234,12561.75,26711.85,2.126,0,0,-5000.0,bnpl,1
55.1,1.712,9032.91,14825.89,1.641,0,0,1128.27,cash,0
77.2,1.506,16739.09,13903.99,0.831,1,0,18076.85,cash,0
64.7,1.413,8146.54,15017.16,1.843,0,1,4422.28,micro_credit,0
82.2,2.131,14647.22,10104.0,0.69,0,0,33621.85,cash,0
64.8,0.979,8000.0,4320.23,0.54,0,0,5672.76,micro_credit,0
75.5,2.019,11465.72,10716.02,0.935,0,0,26929.3,grant,0
19.7,1.616,14001.07,5360.31,0.383,1,0,32587.57,bnpl,0
83.5,1.434,13157.56,42145.41,3.203,1,0,15273.59,cash,0
81.2,1.421,8000.0,19085.51,2.386,0,1,-3409.51,micro_credit,0
76.8,1.416,12277.71,14523.37,1.183,0,0,30675.72,micro_credit,0
62.2,1.474,8000.0,9467.68,1.183,0,0,18791.41,bnpl,0
93.9,1.292,14637.22,25478.77,1.741,1,0,19441.83,bnpl,1
121.9,1.333,8000.0,4544.64,0.568,1,0,38928.8,grant,0
91.4,1.534,11225.98,6509.26,0.58,1,0,56023.54,micro_credit,0
78.2,1.581,13719.8,15749.36,1.148,0,1,16029.91,micro_credit,0
55.2,1.682,23084.37,25335.99,1.098,0,0,40677.36,bnpl,0
62.2,1.273,9352.47,12464.61,1.333,0,0,31695.45,grant,0
32.7,1.978,9217.84,9558.78,1.037,1,1,-5000.0,grant,1
33.6,1.78,10229.11,5946.28,0.581,1,1,-5000.0,grant,0
66.6,2.017,8805.96,5288.4,0.601,1,0,7576.62,micro_credit,0
68.2,0.8,9658.25,10646.49,1.102,0,0,24531.71,bnpl,0
121.2,1.865,8769.19,6577.5,0.75,0,0,58320.48,bnpl,0
76.5,1.554,9790.26,13479.79,1.377,1,1,9401.51,cash,0
60.7,1.397,9752.33,8965.3,0.919,0,1,-831.22,micro_credit,0
77.7,1.479,19473.25,2812.89,0.144,1,0,31647.12,bnpl,0
106.2,0.969,8482.76,9854.74,1.162,1,0,-5000.0,cash,0
55.6,1.239,21775.08,20223.96,0.929,0,0,34887.99,cash,1
93.0,1.234,8000.0,15821.99,1.978,1,0,-5000.0,grant,0
92.8,1.483,8360.98,17872.67,2.138,0,0,19996.74,grant,0
66.0,1.875,8000.0,16962.57,2.12,1,0,22675.82,grant,0
67.3,1.641,8000.0,20094.77,2.512,0,0,8671.76,cash,0
61.9,1.844,8000.0,5571.09,0.696,1,0,-5000.0,grant,0
90.2,1.191,21799.83,3846.58,0.176,0,0,42536.21,grant,0
80.3,1.523,8000.0,15055.89,1.882,0,0,11322.58,bnpl,0
102.6,1.582,10589.69,9897.26,0.935,0,0,10974.98,micro_credit,0
82.7,1.071,8000.0,18193.06,2.274,0,0,15075.58,micro_credit,0
70.4,1.555,11572.79,8983.39,0.776,0,0,-2009.49,cash,0
79.9,1.276,11893.1,4738.99,0.398,0,1,30524.8,grant,0
86.8,1.622,15401.36,30212.5,1.962,1,0,30258.66,micro_credit,0
29.0,1.192,8000.0,12263.1,1.533,1,0,21317.86,micro_credit,1
56.9,1.602,8000.0,8635.74,1.079,0,0,-5000.0,grant,0
51.9,1.172,8000.0,21579.58,2.697,1,0,-5000.0,micro_credit,1
140.8,1.688,10755.54,7539.44,0.701,0,0,24605.58,bnpl,0
60.6,1.584,31320.81,11466.29,0.366,0,0,32686.92,cash,0
57.4,1.54,21957.42,8562.68,0.39,0,0,44624.07,grant,0
92.7,1.393,13155.35,20638.32,1.569,1,0,23192.58,micro_credit,0
35.7,1.346,8853.93,11603.49,1.311,0,1,23172.1,micro_credit,1
79.4,1.176,11743.9,16912.73,1.44,0,0,22076.23,grant,0
102.0,1.783,12168.81,11630.76,0.956,0,0,-5000.0,cash,0
85.7,1.608,11183.68,5989.65,0.536,0,0,-5000.0,bnpl,0
101.3,1.539,13449.21,12278.13,0.913,1,0,12535.61,grant,0
98.5,1.406,10334.62,9374.5,0.907,1,0,4179.07,micro_credit,0
67.3,1.612,8000.0,24116.85,3.015,0,0,-4102.93,grant,0
70.3,1.427,18979.98,13468.45,0.71,0,0,30573.2,micro_credit,0
37.9,1.625,14769.71,12648.02,0.856,1,1,31178.65,grant,0
62.1,1.945,27847.66,9901.47,0.356,0,0,3980.95,micro_credit,0
111.3,1.992,8000.0,9594.04,1.199,0,0,6927.88,cash,0
41.4,1.293,8000.0,7924.47,0.991,0,0,11375.67,micro_credit,0
80.9,1.984,8000.0,20772.33,2.597,1,0,8148.2,cash,0
73.8,1.739,8000.0,14918.02,1.865,0,0,14996.14,micro_credit,0
87.3,1.631,29878.22,8512.09,0.285,1,0,2442.05,micro_credit,0
59.4,1.394,8000.0,23247.64,2.906,1,0,37569.08,grant,0
60.7,1.317,12235.99,8922.02,0.729,0,0,23392.77,micro_credit,0
80.1,1.126,19858.3,32458.99,1.635,1,0,969.8,cash,1
65.3,1.63,11504.64,17364.78,1.509,0,0,48183.68,bnpl,0
70.6,1.326,8000.0,8086.8,1.011,1,0,11403.71,grant,0
119.9,1.405,10945.73,11979.68,1.094,0,1,33391.08,cash,0
138.2,1.401,8000.0,21467.35,2.683,1,0,24274.05,grant,0
121.2,1.713,8419.61,16728.35,1.987,0,0,31956.66,bnpl,0
95.5,1.692,15994.55,22996.85,1.438,0,0,36878.86,micro_credit,0
91.2,1.503,10572.6,23472.39,2.22,0,0,-2704.84,grant,0
84.2,1.44,10025.98,24419.77,2.436,0,0,15439.78,bnpl,0
76.2,1.169,13846.86,17240.5,1.245,0,1,50938.59,cash,0
67.3,1.611,11072.53,28784.7,2.6,0,0,10284.68,cash,0
82.0,1.72,10764.12,9456.54,0.879,0,0,15493.62,cash,0
101.8,1.263,10507.41,8225.0,0.783,1,0,33510.84,grant,0
36.9,1.394,11728.13,28596.46,2.438,1,1,10816.5,bnpl,1
61.1,2.077,8000.0,3607.09,0.451,0,0,19920.26,bnpl,0
62.4,1.264,13612.73,13823.02,1.015,1,0,1846.58,cash,0
43.0,1.794,13261.1,11446.66,0.863,1,1,45239.47,bnpl,0
48.2,1.123,8000.0,11789.07,1.474,0,0,16380.11,cash,0
69.0,1.649,8000.0,26744.14,3.343,0,0,10521.28,grant,0
102.9,1.646,12155.52,16537.27,1.36,0,0,20058.75,bnpl,0
91.1,1.922,10812.24,17853.45,1.651,1,0,10384.76,grant,0
111.0,1.361,22257.25,11824.31,0.531,0,0,-5000.0,micro_credit,0
78.2,1.359,14447.69,8442.69,0.584,0,0,3968.7,bnpl,0
27.8,1.423,8000.0,5058.64,0.632,1,0,25687.46,cash,0
94.6,1.669,8000.0,11775.29,1.472,1,0,11935.15,cash,0
46.0,1.971,14688.4,10705.04,0.729,1,0,12483.95,cash,0
80.2,0.978,8855.29,8307.46,0.938,1,1,-5000.0,grant,0
68.0,2.053,13205.38,8829.48,0.669,0,0,22306.49,cash,0
110.0,1.809,10166.3,8469.14,0.833,0,0,24568.02,cash,0
84.8,1.801,13171.72,21531.11,1.635,0,0,2365.77,micro_credit,0
107.9,1.605,25181.56,8274.61,0.329,1,0,43247.35,grant,0
79.9,1.368,8000.0,10135.6,1.267,0,0,19634.99,grant,0
88.1,1.389,9789.25,39271.28,4.012,0,0,43095.78,cash,0
85.9,1.561,10446.41,16940.03,1.622,0,0,-5000.0,bnpl,0
68.6,1.083,11844.87,17256.73,1.457,1,0,3302.64,bnpl,0
114.3,1.207,8000.0,13676.69,1.71,1,0,30847.77,cash,0
117.1,1.422,16081.2,11835.05,0.736,0,0,8892.71,bnpl,0
97.1,1.733,8000.0,27230.62,3.404,0,0,36841.64,cash,0
59.4,1.661,12361.15,13951.89,1.129,0,0,2094.51,cash,0
58.2,1.543,16776.39,16300.97,0.972,0,0,5328.94,micro_credit,0
94.3,0.8,16596.46,4643.19,0.28,1,0,5476.06,bnpl,0
47.0,1.187,16686.78,9346.57,0.56,0,0,18237.07,grant,0
73.8,1.684,10245.25,5969.12,0.583,1,0,29932.8,grant,0
62.7,1.114,8162.85,27595.77,3.381,0,0,27303.99,grant,1
66.3,1.452,8563.5,37881.24,4.424,0,1,18874.84,cash,0
85.8,1.838,11019.87,10483.17,0.951,1,0,8465.7,grant,0
73.2,1.54,13731.3,12438.73,0.906,0,0,25187.52,micro_credit,0
73.0,1.572,8000.0,20009.86,2.501,0,0,18236.79,bnpl,0
100.0,0.8,25330.6,11195.04,0.442,1,0,31947.29,micro_credit,0
49.0,1.722,8000.0,8577.75,1.072,0,0,46452.56,bnpl,0
70.2,1.611,14640.26,15876.97,1.084,0,0,14707.54,cash,0
84.1,2.223,9643.81,13502.15,1.4,1,1,30911.78,bnpl,0
102.6,1.882,13192.83,6446.85,0.489,0,0,41401.77,bnpl,0
46.3,1.635,8000.0,11669.38,1.459,0,0,17917.72,micro_credit,0
83.0,1.668,20458.83,15513.16,0.758,0,0,7605.18,cash,0
99.1,1.883,8000.0,16790.53,2.099,0,0,24621.11,grant,0
67.6,1.935,9250.89,12952.8,1.4,0,1,8884.71,cash,0
75.4,1.243,8000.0,29055.93,3.632,1,0,-3245.3,micro_credit,1
50.2,0.947,8000.0,5838.92,0.73,0,1,41556.27,cash,0
100.2,1.357,27271.46,20743.14,0.761,0,0,6153.04,bnpl,0
15.0,2.191,8000.0,4890.41,0.611,0,0,30406.27,micro_credit,0
136.0,1.938,12756.03,16766.11,1.314,0,0,27361.48,bnpl,0
94.0,1.629,10372.26,11679.31,1.126,0,0,-1571.36,micro_credit,0
68.0,1.076,9468.7,7018.29,0.741,0,0,-5000.0,micro_credit,0
79.5,1.94,14961.6,5096.07,0.341,0,0,-5000.0,bnpl,0
98.5,1.275,8945.58,16358.92,1.829,1,0,-5000.0,cash,0
77.6,1.176,8000.0,14412.92,1.802,0,0,-5000.0,micro_credit,0
86.0,1.545,12690.65,13672.65,1.077,0,0,36554.53,grant,0
78.1,1.43,10457.07,16298.26,1.559,1,0,12879.48,cash,0
76.0,1.353,8000.0,5589.06,0.699,1,0,43492.38,bnpl,0
43.9,1.356,8000.0,19775.68,2.472,1,0,6690.91,grant,1
106.2,1.361,11221.06,7635.47,0.68,0,0,50612.68,cash,0
45.3,1.637,13163.45,15177.81,1.153,1,0,8664.82,grant,0
71.8,1.562,9263.61,20540.08,2.217,0,0,51789.41,cash,0
61.1,1.166,9511.65,49953.11,5.252,0,1,-2466.14,bnpl,1
116.0,2.02,8000.0,16530.14,2.066,1,0,41311.14,cash,0
65.5,1.493,8000.0,6918.01,0.865,1,0,313.0,micro_credit,0
44.4,1.56,8000.0,13747.09,1.718,0,0,-5000.0,micro_credit,1
83.3,1.783,8000.0,14849.64,1.856,0,0,34098.04,micro_credit,0
44.8,2.018,11950.86,8202.9,0.686,1,1,10996.16,grant,0
89.0,1.571,12612.46,7285.41,0.578,0,0,15048.49,grant,0
39.7,1.519,8000.0,8066.37,1.008,0,0,34249.68,bnpl,1
102.3,1.721,8000.0,10157.58,1.27,0,0,33835.76,bnpl,0
78.5,2.199,11813.44,13435.11,1.137,0,1,6435.9,grant,0
78.3,1.507,13611.21,20459.17,1.503,0,1,-2147.81,micro_credit,0
41.7,1.036,12439.05,6588.94,0.53,0,0,-5000.0,micro_credit,0
84.7,2.248,9870.13,19171.31,1.942,0,0,13472.93,micro_credit,0
72.5,1.807,8685.21,14003.54,1.612,0,0,17790.56,micro_credit,0
58.3,1.828,9147.79,7977.18,0.872,0,0,21657.18,cash,0
52.5,1.558,9856.6,21965.81,2.229,0,1,20544.57,micro_credit,0
74.4,1.779,18501.25,16428.87,0.888,0,0,12186.35,micro_credit,0
42.2,1.252,8626.97,8645.28,1.002,0,1,8634.52,bnpl,1
76.4,1.698,9588.08,15797.01,1.648,0,0,13160.54,micro_credit,0
25.6,1.287,9275.77,6214.67,0.67,0,0,22798.72,micro_credit,0
113.3,1.891,8990.74,27443.9,3.052,1,0,14676.01,grant,0
66.6,1.378,8637.67,9764.44,1.13,0,0,15067.49,cash,0
79.0,1.551,12047.62,23268.49,1.931,0,0,29091.97,bnpl,0
37.9,0.835,15069.74,5699.97,0.378,0,0,7954.22,micro_credit,0
45.7,1.045,12627.83,18352.76,1.453,0,0,1622.81,bnpl,0
15.0,1.397,11805.39,5359.35,0.454,0,0,15300.48,grant,0
74.6,1.712,10444.29,7078.46,0.678,0,0,33538.29,cash,0
71.0,1.542,8000.0,9472.94,1.184,0,0,-3926.45,micro_credit,0
70.7,2.029,8000.0,4976.79,0.622,0,0,38481.07,grant,0
69.8,1.363,15803.03,8663.82,0.548,0,0,44868.17,micro_credit,0
91.9,1.413,26128.68,8663.35,0.332,0,0,25357.72,grant,0
82.5,1.914,19983.86,12303.05,0.616,0,0,-1561.52,bnpl,0
86.5,1.36,24490.1,13031.1,0.532,1,0,5424.21,micro_credit,0
79.6,1.173,8000.0,23393.83,2.924,0,0,175.9,micro_credit,1
48.8,1.7,16874.63,17951.42,1.064,0,0,29928.86,bnpl,0
56.1,1.152,19449.96,10122.6,0.52,0,0,7485.01,bnpl,0
108.2,1.706,12150.79,39765.35,3.273,0,0,416.67,bnpl,0
98.2,1.566,11168.66,28019.55,2.509,0,0,21141.04,micro_credit,0
88.5,1.85,8398.19,7619.26,0.907,0,0,-5000.0,grant,0
25.8,2.126,8000.0,10703.33,1.338,1,0,7017.36,cash,1
82.7,1.778,14577.19,8771.89,0.602,0,0,8991.81,cash,0
82.1,1.48,20400.31,15835.92,0.776,1,0,25227.8,grant,0
91.6,1.879,10737.09,5923.85,0.552,0,0,19194.38,grant,0
58.7,1.402,12885.58,23886.19,1.854,0,1,12382.89,cash,0
82.7,2.027,11029.61,50560.49,4.584,0,0,22179.17,grant,0
31.0,1.761,11748.97,24572.03,2.091,0,0,24117.26,bnpl,1
71.5,1.207,9008.64,7572.01,0.841,1,0,1550.58,cash,0
89.7,2.018,11820.64,6262.06,0.53,0,0,20002.85,cash,0
104.9,1.379,9317.9,12186.43,1.308,1,0,-2128.17,micro_credit,0
91.2,1.516,11953.62,7419.59,0.621,0,0,4125.75,grant,0
93.1,1.446,21528.52,9703.09,0.451,1,1,16044.33,grant,0
98.3,1.153,8000.0,5223.32,0.653,1,0,34726.51,micro_credit,0
61.2,2.266,8000.0,13379.82,1.672,1,0,39757.98,micro_credit,0
125.2,2.127,17047.6,21231.36,1.245,1,0,22665.49,micro_credit,0
94.5,1.396,8000.0,12065.97,1.508,0,0,8936.68,micro_credit,0
63.7,1.745,15212.72,12690.69,0.834,0,0,38595.54,grant,0
46.5,1.496,8000.0,4330.36,0.541,0,0,10511.75,micro_credit,0
72.0,1.974,13145.9,6882.22,0.524,0,0,45373.67,cash,0
105.5,1.713,8938.13,7131.73,0.798,1,0,5300.28,grant,0
102.2,2.078,19820.25,9238.48,0.466,1,1,-5000.0,grant,0
78.5,1.055,11446.34,11145.81,0.974,1,0,3611.34,bnpl,0
35.1,1.694,8000.0,6352.13,0.794,0,0,-5000.0,bnpl,0
74.3,2.046,20901.3,9401.24,0.45,0,1,1160.18,bnpl,0
86.7,1.27,11336.77,18422.8,1.625,0,1,34084.8,bnpl,0
72.5,1.493,8000.0,7671.1,0.959,0,0,7923.38,micro_credit,0
84.2,1.806,8000.0,27473.54,3.434,0,0,7119.78,bnpl,0
74.5,1.341,8000.0,19657.71,2.457,0,0,25263.19,micro_credit,0
68.0,1.569,12483.62,5118.41,0.41,0,0,2477.05,cash,0
94.9,1.199,11294.84,5732.35,0.508,0,1,20395.74,bnpl,0
74.1,1.098,16716.19,8070.53,0.483,0,0,-2584.54,cash,0
80.0,1.872,8000.0,12505.5,1.563,1,0,19718.7,micro_credit,0
92.3,1.599,8390.35,7668.11,0.914,0,0,13550.59,micro_credit,0
48.2,0.8,12045.57,19873.93,1.65,0,0,-5000.0,bnpl,0
49.8,1.723,24981.05,12227.42,0.489,0,0,-1104.05,cash,0
70.4,1.935,8000.0,7788.82,0.974,0,1,3310.62,bnpl,0
51.2,1.584,20560.05,14439.08,0.702,0,0,7457.64,cash,0
67.7,1.112,14726.43,11581.79,0.786,1,1,8751.36,bnpl,0
154.8,1.634,8000.0,9561.53,1.195,0,1,32672.02,micro_credit,0
77.8,1.147,14967.75,8370.93,0.559,0,0,45719.36,micro_credit,0
102.0,1.425,17614.14,12548.05,0.712,0,1,27349.93,grant,0
87.1,1.313,8000.0,21300.34,2.663,0,0,5974.04,micro_credit,0
64.9,1.283,11975.52,37586.07,3.139,0,0,-5000.0,bnpl,1
75.6,1.945,9548.71,15503.24,1.624,1,0,-5000.0,bnpl,0
85.7,1.498,15422.43,23226.81,1.506,1,1,58612.15,grant,0
89.5,1.641,10801.85,9954.29,0.922,0,0,18092.71,micro_credit,0
67.6,1.597,17906.5,6949.34,0.388,0,1,32517.81,micro_credit,0
107.9,1.517,8000.0,8653.32,1.082,1,0,35345.9,cash,0
74.4,1.27,8000.0,19193.77,2.399,0,0,21841.2,cash,0
69.0,1.447,8297.49,7278.46,0.877,0,0,41076.76,grant,0
66.9,1.891,19625.64,20932.77,1.067,1,0,4230.83,bnpl,0
85.1,1.543,8000.0,14449.25,1.806,0,0,-5000.0,bnpl,0
104.7,1.42,10834.84,14126.51,1.304,0,0,7339.71,cash,0
89.7,1.417,14648.36,5765.87,0.394,1,0,14274.83,micro_credit,0
123.5,1.27,8000.0,16036.93,2.005,0,0,15232.47,grant,0
83.8,1.687,13169.05,22255.29,1.69,0,0,19376.74,cash,0
69.0,1.738,23270.62,11237.95,0.483,0,1,-5000.0,micro_credit,0
102.7,1.516,8000.0,19265.71,2.408,1,0,2364.09,grant,0
72.7,1.643,10782.99,17857.85,1.656,0,0,4161.25,micro_credit,0
87.8,1.477,13800.56,16957.27,1.229,0,0,-4837.9,bnpl,0
102.1,1.4,14237.38,14794.46,1.039,0,0,45087.31,cash,0
69.4,1.452,9811.02,10231.75,1.043,0,0,26398.95,cash,0
34.6,1.255,8000.0,20387.34,2.548,1,0,42791.04,bnpl,1
72.4,1.503,10214.09,22903.23,2.242,1,0,-4692.36,cash,0
81.0,1.823,12400.5,13416.89,1.082,0,0,30018.83,bnpl,0
15.0,1.74,8000.0,4416.72,0.552,0,0,21201.65,micro_credit,0
109.3,1.512,15196.09,29341.35,1.931,0,1,35668.46,grant,0
116.0,1.758,10238.86,5008.64,0.489,0,0,7570.88,grant,0
53.9,2.158,9143.98,12935.91,1.415,1,0,21926.74,cash,0
76.1,2.025,8000.0,13454.03,1.682,1,0,-1364.47,micro_credit,0
42.0,1.379,9733.54,9546.06,0.981,1,0,-463.58,bnpl,0
39.8,1.527,8000.0,18361.86,2.295,1,0,13483.92,bnpl,1
38.6,1.463,8000.0,14408.1,1.801,0,0,36128.11,micro_credit,1
28.1,1.582,9209.03,17487.42,1.899,0,0,15837.54,cash,1
56.2,1.461,8000.0,21846.67,2.731,0,0,12383.61,bnpl,0
122.5,1.533,8000.0,5257.74,0.657,0,0,-5000.0,micro_credit,0
35.4,1.625,12443.16,5066.19,0.407,0,0,28110.69,cash,0
62.9,1.591,20445.12,19796.52,0.968,0,0,7166.45,cash,0
52.7,0.947,8000.0,10763.09,1.345,1,0,-5000.0,grant,0
71.7,1.572,8944.69,8454.88,0.945,1,0,15035.78,micro_credit,0
86.0,1.245,18674.6,11450.36,0.613,0,0,12339.29,bnpl,0
92.7,1.615,15197.88,14156.35,0.931,1,0,976.13,grant,0
84.0,1.23,10392.63,11869.45,1.142,0,0,8253.9,cash,0
71.8,1.023,8000.0,12721.7,1.59,1,0,14877.42,grant,0
49.3,1.904,8000.0,20603.2,2.575,1,0,19689.5,grant,0
58.8,2.047,8000.0,20040.99,2.505,0,0,30010.48,micro_credit,0
58.2,1.94,8843.86,14168.57,1.602,1,0,16685.79,bnpl,0
71.6,1.777,14144.34,4620.73,0.327,0,0,35478.12,grant,0
33.4,1.839,16432.52,6634.03,0.404,0,1,4605.34,bnpl,0
47.4,1.49,8616.07,18560.91,2.154,0,0,35585.56,cash,0
109.9,1.393,9007.84,4789.15,0.532,0,0,-2505.66,grant,0
99.1,2.002,8000.0,8726.72,1.091,0,0,11524.7,grant,0
82.0,1.323,11978.01,9315.07,0.778,1,0,11739.86,micro_credit,0
88.7,1.552,8132.52,11381.16,1.399,0,0,10409.47,grant,0
65.7,1.478,20320.62,16456.99,0.81,0,0,6681.35,micro_credit,0
92.4,1.457,16779.38,14813.63,0.883,0,1,10068.56,cash,0
86.2,1.11,8000.0,6268.81,0.784,0,0,14572.98,micro_credit,0
118.3,2.175,13188.8,15922.12,1.207,0,0,-5000.0,micro_credit,0
61.4,1.329,8000.0,11020.59,1.378,0,0,3502.37,grant,0
25.5,1.759,8000.0,13788.44,1.724,1,0,49333.49,micro_credit,1
52.0,0.842,8701.91,22148.56,2.545,0,0,47250.25,grant,1
44.3,1.689,8027.35,11404.1,1.421,0,0,59598.18,grant,1
37.4,1.621,12215.51,21964.49,1.798,0,0,13763.7,micro_credit,1
82.7,1.44,11171.34,10009.04,0.896,0,0,23188.29,cash,0
65.8,1.656,9767.66,22456.33,2.299,0,0,11074.91,cash,0
30.7,1.903,8000.0,8437.39,1.055,0,0,1278.1,micro_credit,1
109.4,0.952,40618.82,21608.27,0.532,0,0,16018.3,bnpl,1
73.6,1.63,12512.77,17237.95,1.378,0,1,22000.88,grant,0
77.2,1.495,9245.82,10859.55,1.175,1,1,32407.86,micro_credit,0
89.8,0.8,13295.16,13454.98,1.012,0,0,11663.24,micro_credit,0
65.3,1.865,15159.56,7902.36,0.521,0,1,19326.94,bnpl,0
50.7,1.164,8000.0,19425.0,2.428,0,0,29156.25,bnpl,0
87.8,1.753,12484.96,8494.59,0.68,0,0,19774.61,grant,0
95.0,1.761,16899.02,17846.58,1.056,0,0,18326.07,grant,0
101.8,1.543,8000.0,11051.41,1.381,0,0,-1408.25,micro_credit,0
58.1,1.51,8000.0,10204.88,1.276,0,1,-5000.0,cash,0
80.3,1.55,8000.0,17371.48,2.171,0,0,28876.26,micro_credit,0
34.8,1.336,8000.0,7208.77,0.901,0,1,26930.55,micro_credit,0
70.2,1.476,8000.0,17145.31,2.143,1,0,-5000.0,cash,0
76.5,1.628,18256.86,5884.92,0.322,0,0,-5000.0,micro_credit,0
79.6,2.054,17283.82,13565.87,0.785,0,0,3150.55,grant,0
95.2,1.277,12263.23,15962.68,1.302,0,0,31083.78,micro_credit,0
144.0,1.66,8000.0,11919.54,1.49,0,0,-5000.0,bnpl,0
57.6,1.435,8000.0,13144.98,1.643,1,0,-2803.56,bnpl,0
103.0,1.55,9855.79,10093.61,1.024,0,0,14793.43,micro_credit,0
95.6,1.307,8000.0,10228.68,1.279,1,0,-5000.0,micro_credit,0
54.5,1.417,14668.76,13966.39,0.952,1,0,15484.62,grant,0
96.3,1.512,11798.28,11421.22,0.968,1,0,16776.52,bnpl,0
60.4,0.867,9316.8,26436.78,2.838,0,0,28671.88,micro_credit,1
99.1,1.896,10299.97,13474.09,1.308,0,0,882.27,micro_credit,0
67.1,1.722,17013.25,11195.92,0.658,1,0,3896.59,grant,0
75.0,1.718,8000.0,3418.99,0.427,0,0,2090.34,grant,0
44.5,1.408,9260.37,9421.16,1.017,0,0,38144.42,bnpl,1
83.2,1.634,13095.1,6461.66,0.493,0,0,30704.01,micro_credit,0
73.1,1.738,8000.0,5143.21,0.643,0,0,26722.01,cash,0
84.4,1.297,8000.0,22448.73,2.806,0,0,-5000.0,bnpl,1
116.1,1.298,13190.82,10089.59,0.765,1,0,22857.37,grant,0
61.4,1.504,10081.06,6966.0,0.691,0,0,25334.84,grant,0
62.2,1.486,8000.0,2953.41,0.369,0,0,8561.5,micro_credit,0
135.3,1.77,9811.72,10461.01,1.066,0,0,12404.39,bnpl,0
88.7,1.219,16341.2,17916.18,1.096,0,0,24927.34,micro_credit,0
86.0,1.555,13397.02,16739.02,1.249,1,0,5627.27,micro_credit,0
60.7,1.579,19871.84,6114.95,0.308,0,0,-5000.0,cash,0
79.1,1.564,10700.05,13824.18,1.292,1,0,7982.36,grant,0
112.2,1.102,8000.0,11421.01,1.428,0,1,-5000.0,bnpl,0
70.6,2.015,9990.59,13723.78,1.374,1,0,-5000.0,bnpl,0
59.6,1.445,8578.62,24462.68,2.852,0,0,22038.44,grant,0
47.2,1.619,12384.49,22631.14,1.827,0,0,40449.73,bnpl,0
49.6,1.323,8000.0,10628.44,1.329,1,0,20394.45,cash,0
99.7,1.529,8570.39,13140.66,1.533,0,0,-3032.57,grant,0
127.2,1.1,10755.08,36790.08,3.421,1,0,12122.4,bnpl,1
70.2,1.45,9125.46,25721.09,2.819,1,1,-5000.0,micro_credit,0
113.3,1.151,8778.02,9546.36,1.088,0,0,22593.96,grant,0
35.0,1.679,24610.77,5711.6,0.232,0,0,15414.71,cash,0
58.5,1.669,9982.78,8494.57,0.851,0,0,20781.7,bnpl,0
120.1,1.497,13682.75,5935.46,0.434,0,1,-5000.0,bnpl,0
86.8,1.966,11614.69,10176.31,0.876,0,0,11987.25,bnpl,0
43.7,1.719,14721.29,9427.16,0.64,0,1,3539.24,bnpl,0
81.6,1.428,9606.93,38362.93,3.993,0,0,7553.54,bnpl,0
66.0,1.369,13834.02,10941.59,0.791,0,0,311.29,cash,0
108.0,1.947,8000.0,4330.35,0.541,0,0,30135.25,cash,0
57.9,1.771,8000.0,19750.39,2.469,1,0,-5000.0,cash,0
93.3,1.554,8000.0,9663.68,1.208,0,0,24353.73,micro_credit,0
77.6,1.714,24086.29,5113.64,0.212,0,1,41109.83,micro_credit,0
77.6,1.298,8000.0,10894.18,1.362,0,1,28589.7,grant,0
71.8,1.973,8000.0,12008.27,1.501,1,1,-5000.0,cash,0
84.1,1.798,8189.9,2886.16,0.352,0,0,15581.07,micro_credit,0
85.9,1.663,17259.22,6707.09,0.389,1,0,24243.89,micro_credit,0
104.8,1.052,11428.25,9160.91,0.802,1,0,10532.59,grant,0
83.7,1.414,8000.0,12317.59,1.54,1,0,-5000.0,micro_credit,0
47.9,1.74,8000.0,17439.13,2.18,1,0,20326.64,bnpl,0
31.9,1.36,16938.58,7047.01,0.416,0,0,3640.72,cash,0
86.6,1.769,8837.93,8702.53,0.985,0,1,37602.66,bnpl,0
118.5,1.824,10284.5,7750.04,0.754,0,0,-2948.0,cash,0
88.1,1.667,18596.33,17287.65,0.93,0,0,-5000.0,grant,0
101.3,1.271,8326.62,13871.76,1.666,1,0,47922.01,grant,0
152.7,1.72,9113.95,16219.64,1.78,0,0,27977.8,micro_credit,0
67.0,2.053,10976.72,15894.98,1.448,0,0,23986.64,micro_credit,0
85.5,1.785,8000.0,8892.24,1.112,0,0,-5000.0,grant,0
86.0,1.768,12161.1,30362.72,2.497,1,0,11899.27,grant,0
91.7,1.244,8314.91,17721.71,2.131,0,0,27283.84,micro_credit,0
67.7,1.53,8000.0,9933.16,1.242,0,1,28026.9,micro_credit,0
89.4,1.69,10121.31,12135.43,1.199,0,0,114.22,micro_credit,0
92.5,1.668,12349.96,9051.46,0.733,0,0,-5000.0,bnpl,0
102.4,1.416,8000.0,17701.65,2.213,1,0,4943.77,micro_credit,0
101.5,1.723,13461.73,5702.87,0.424,0,1,33814.99,grant,0
81.5,1.447,10556.79,4550.86,0.431,0,0,19355.75,bnpl,0
49.3,1.171,8000.0,22291.9,2.786,0,0,673.26,bnpl,1
113.3,1.4,8000.0,6541.43,0.818,0,0,34244.61,grant,0
71.1,1.396,10636.09,15930.34,1.498,0,0,32113.18,cash,0
111.2,1.449,8000.0,9629.57,1.204,0,1,16685.05,cash,0
50.9,1.282,11553.05,11769.2,1.019,1,0,12590.35,micro_credit,0
56.0,1.485,8000.0,19724.35,2.466,1,0,30634.49,bnpl,0
28.8,1.29,8000.0,8454.78,1.057,0,0,10498.12,grant,1
38.8,1.292,8000.0,13548.04,1.694,0,0,13248.2,grant,1
57.0,1.6,8000.0,10410.7,1.301,0,1,42122.14,grant,0
108.5,1.186,14376.92,18887.74,1.314,1,0,-5000.0,grant,0
95.5,1.981,8000.0,7298.13,0.912,0,0,30317.91,micro_credit,0
81.8,1.704,11536.43,14986.17,1.299,1,0,-5000.0,grant,0
101.2,1.877,8926.45,11802.75,1.322,1,0,-5000.0,bnpl,0
87.9,1.71,9623.99,22435.38,2.331,0,0,5986.61,micro_credit,0
89.1,1.264,9792.79,10983.01,1.122,0,0,16055.54,bnpl,0
65.8,1.513,14353.1,9506.96,0.662,1,0,-5000.0,bnpl,0
118.7,1.937,8000.0,17664.98,2.208,0,0,2946.45,micro_credit,0
81.6,1.632,8906.32,7855.18,0.882,0,0,-429.74,grant,0
52.1,1.317,9602.41,8154.56,0.849,0,0,24276.94,bnpl,0
112.2,1.388,11022.92,15911.97,1.444,0,0,20496.04,grant,0
76.9,1.758,12295.79,6119.81,0.498,0,0,27644.81,micro_credit,0
97.2,1.336,10067.54,17603.11,1.749,0,0,8232.35,bnpl,0
101.8,2.212,8000.0,5655.74,0.707,0,1,17468.73,grant,0
93.0,1.485,19033.72,5789.3,0.304,1,0,24472.54,micro_credit,0
59.9,2.031,24261.16,7929.45,0.327,1,0,2107.97,micro_credit,0
96.5,1.442,9696.93,12258.36,1.264,0,0,-5000.0,grant,0
74.7,1.357,8000.0,26742.19,3.343,0,0,-5000.0,bnpl,0
95.3,1.472,8726.4,18670.58,2.14,0,0,18120.92,grant,0
89.3,1.821,8526.3,8632.33,1.012,0,0,-5000.0,cash,0
54.4,2.376,17328.47,5749.74,0.332,1,1,-5000.0,grant,0
87.0,1.703,12670.07,10506.76,0.829,1,0,9741.82,grant,0
83.2,1.574,8000.0,10653.14,1.332,1,0,-3325.32,grant,0
79.4,2.386,11676.89,10173.67,0.871,0,0,28592.43,bnpl,0
87.1,1.668,13004.92,37462.62,2.881,0,0,-5000.0,micro_credit,0
86.8,1.291,12707.92,7293.38,0.574,0,0,4487.4,cash,0
67.6,1.823,14962.53,6092.75,0.407,0,0,12988.81,cash,0
57.3,1.198,8976.29,10201.95,1.137,0,0,55680.9,grant,0
85.8,1.164,8000.0,21200.09,2.65,0,0,49591.97,grant,1
35.4,1.024,22969.77,14977.25,0.652,0,0,-3629.27,cash,0
88.4,0.812,9912.17,14476.79,1.461,0,1,28636.86,cash,0
49.7,1.574,8000.0,13911.36,1.739,0,1,-4116.23,grant,0
64.8,1.271,13266.69,19382.93,1.461,0,0,7776.83,cash,0
76.0,1.144,8648.54,11759.16,1.36,0,0,59174.28,grant,0
47.2,1.96,15499.86,14105.92,0.91,0,0,43655.17,bnpl,0
84.3,1.659,9663.35,23693.66,2.452,0,0,31736.45,bnpl,0
59.4,1.181,9033.17,7785.19,0.862,1,0,10856.56,bnpl,0
105.9,1.422,9708.23,12480.37,1.286,0,0,27271.76,cash,0
18.8,1.38,10884.31,23389.52,2.149,0,0,3145.76,bnpl,1
28.1,1.724,8000.0,6283.51,0.785,0,0,761.78,cash,0
70.4,1.381,8000.0,19798.99,2.475,0,0,34947.75,bnpl,0
91.3,1.231,9039.23,12045.1,1.333,0,0,22778.3,grant,0
91.7,1.344,10269.13,15545.15,1.514,0,1,38204.8,cash,0
92.6,1.771,10277.6,26258.7,2.555,0,1,19375.73,bnpl,0
53.5,1.943,13548.84,9474.18,0.699,0,1,3369.13,bnpl,0
82.4,1.68,10816.0,14345.9,1.326,0,0,42599.23,micro_credit,0
101.8,1.603,15117.22,6850.74,0.453,0,1,19162.69,cash,0
120.2,1.489,8000.0,8445.18,1.056,0,0,-5000.0,cash,0
55.4,1.446,8000.0,12192.67,1.524,0,0,28240.99,cash,0
52.3,1.975,12454.74,21307.6,1.711,0,0,158.98,cash,0
96.4,1.244,14773.81,13286.6,0.899,1,0,21958.52,cash,0
45.6,1.299,12948.73,7175.36,0.554,0,0,20337.71,micro_credit,0
40.8,1.787,8000.0,16379.16,2.047,0,0,23261.36,grant,1
57.6,1.713,11127.77,8987.92,0.808,0,0,-5000.0,grant,0
25.9,1.648,8000.0,12739.2,1.592,0,0,7257.93,grant,1
92.0,1.465,8533.45,18079.41,2.119,1,0,18031.04,micro_credit,0
82.9,1.681,8000.0,18328.89,2.291,0,0,23024.44,bnpl,0
49.6,1.482,9723.61,11226.44,1.155,1,0,18009.48,bnpl,0
110.8,1.853,8000.0,17019.9,2.127,0,0,35920.8,cash,0
84.7,1.855,24477.8,21227.23,0.867,0,0,16487.55,bnpl,0
101.1,1.591,10004.16,9963.88,0.996,0,0,40141.44,bnpl,0
54.5,1.979,12393.64,5599.21,0.452,0,0,18617.69,cash,0
22.5,1.725,14740.5,8727.24,0.592,0,0,14223.86,bnpl,0
123.9,1.408,8000.0,27307.45,3.413,0,0,47326.57,cash,0
75.1,1.833,18099.94,8035.57,0.444,0,0,3264.49,micro_credit,0
105.8,2.022,12750.13,7450.99,0.584,1,0,47767.1,grant,0
61.7,1.456,11545.51,28418.29,2.461,0,0,27371.57,micro_credit,0
85.4,1.68,10092.84,16431.85,1.628,1,1,-5000.0,grant,0
67.6,1.618,8000.0,14950.17,1.869,1,0,8319.52,cash,0
118.9,1.99,8025.57,11125.99,1.386,0,0,10668.94,grant,0
63.7,1.605,8000.0,6490.93,0.811,0,0,23208.8,bnpl,0
90.7,1.325,14807.81,8540.99,0.577,0,0,16556.97,micro_credit,0
95.5,1.541,12144.52,9099.4,0.749,0,0,8463.6,grant,0
69.9,1.341,9140.33,5157.77,0.564,0,0,3159.23,cash,0
67.9,1.478,8877.95,11684.63,1.316,0,0,20629.95,cash,0
96.9,1.368,8000.0,6814.96,0.852,0,0,3230.35,micro_credit,0
66.2,1.334,8000.0,9406.29,1.176,0,1,15265.68,micro_credit,0
89.9,1.394,8218.57,7261.31,0.884,0,0,11434.09,micro_credit,0
53.8,1.71,8000.0,9918.96,1.24,0,0,17419.93,cash,0
79.6,2.304,11584.35,6958.85,0.601,0,0,10281.64,cash,0
30.6,1.527,8000.0,19999.54,2.5,0,0,2108.28,bnpl,1
72.1,1.372,21643.99,10130.61,0.468,0,0,44986.03,cash,0
95.4,1.685,11683.47,15011.75,1.285,0,0,-5000.0,grant,0
68.0,1.787,9681.73,5581.12,0.576,0,0,11056.72,micro_credit,0
117.6,1.899,9624.8,20400.14,2.12,0,1,5402.87,micro_credit,0
32.4,1.291,19996.25,10397.32,0.52,1,1,7619.09,micro_credit,0
67.5,2.083,20571.9,40959.09,1.991,1,0,9137.19,cash,0
82.4,1.125,19237.57,6359.6,0.331,0,0,15901.96,micro_credit,0
47.6,1.385,8000.0,8653.06,1.082,1,0,2295.79,grant,0
61.3,1.783,8000.0,13647.31,1.706,0,0,33923.26,grant,0
62.2,1.349,8921.9,23129.15,2.592,0,0,15493.94,grant,0
61.7,1.685,8000.0,17584.05,2.198,0,0,19354.93,micro_credit,0
67.3,1.315,8000.0,16222.42,2.028,1,1,34121.65,bnpl,0
59.1,1.678,8000.0,8764.46,1.096,0,0,11440.94,bnpl,0
52.3,1.288,8000.0,14195.86,1.774,0,0,8628.08,bnpl,0
19.0,0.956,8000.0,15548.63,1.944,0,0,-5000.0,micro_credit,1
62.5,1.403,18485.69,9781.4,0.529,0,0,18893.8,micro_credit,0
78.5,0.953,13984.34,13608.75,0.973,0,0,21148.84,micro_credit,0
173.2,0.966,21506.56,10320.67,0.48,0,0,17171.92,grant,0
73.9,1.431,8000.0,14490.23,1.811,1,0,-5000.0,cash,0
93.8,1.433,8000.0,9437.94,1.18,0,1,34628.69,micro_credit,0
61.6,1.65,8000.0,18340.32,2.293,0,0,24339.14,grant,0
121.2,1.501,13371.68,12758.3,0.954,0,1,35325.69,cash,0
57.0,1.759,9066.9,11669.06,1.287,0,1,13651.54,grant,0
81.3,1.517,10901.12,28795.23,2.641,0,1,29738.09,micro_credit,0
96.7,1.422,8000.0,20443.4,2.555,0,0,27768.84,micro_credit,0
111.8,1.381,8925.82,4906.34,0.55,1,0,4935.52,micro_credit,0
99.9,1.419,13203.22,10885.9,0.824,0,0,17833.03,grant,0
46.3,1.574,8000.0,10907.51,1.363,0,0,-5000.0,micro_credit,0
105.1,1.768,12209.89,27904.78,2.285,0,0,-5000.0,grant,0
118.7,1.811,8897.72,22574.84,2.537,0,0,-5000.0,grant,0
54.4,1.38,8000.0,6760.78,0.845,0,0,34015.5,grant,0
68.5,1.649,8000.0,4441.15,0.555,0,0,16861.03,grant,0
27.2,1.531,8000.0,36062.25,4.508,1,0,28404.53,grant,1
77.6,1.904,8000.0,16299.89,2.037,0,1,15596.59,cash,0
81.6,1.906,13761.38,14168.81,1.03,0,0,-5000.0,micro_credit,0
51.0,1.516,10321.84,6492.4,0.629,0,0,55410.18,bnpl,0
112.9,1.719,10223.22,10756.71,1.052,0,0,-5000.0,bnpl,0
76.9,1.622,8000.0,14527.48,1.816,1,0,9205.34,bnpl,0
27.3,1.309,8216.32,34140.11,4.155,0,0,22017.96,micro_credit,1
41.6,1.686,8000.0,21927.13,2.741,0,0,3519.76,micro_credit,1
72.7,1.921,8000.0,5605.96,0.701,0,0,1495.21,micro_credit,0
101.0,1.125,8000.0,9431.99,1.179,0,0,21931.33,grant,0
105.0,1.42,8224.38,22802.95,2.773,0,0,-5000.0,grant,0
65.3,1.603,12114.38,9132.61,0.754,0,0,12619.94,micro_credit,0
15.0,1.366,12137.79,7042.64,0.58,0,0,13061.72,cash,0
86.2,1.454,10686.2,7118.82,0.666,0,0,8281.0,micro_credit,0
90.3,1.594,8000.0,13674.92,1.709,0,0,24862.98,grant,0
23.8,1.875,8507.35,15275.71,1.796,0,0,33550.44,cash,1
40.7,1.351,8691.95,7855.24,0.904,0,0,43228.86,bnpl,0
53.6,1.394,10850.59,6240.51,0.575,1,0,4877.75,micro_credit,0
82.9,1.457,9489.83,9035.06,0.952,0,0,-5000.0,micro_credit,0
83.0,2.041,9979.42,13682.81,1.371,0,0,24469.01,cash,0
43.3,2.027,10840.54,29659.01,2.736,0,0,-1194.59,cash,1
120.5,1.767,12693.79,13748.89,1.083,0,0,7526.48,bnpl,0
105.0,1.589,8000.0,6539.05,0.817,1,0,8654.78,micro_credit,0
82.7,1.534,17129.15,4133.56,0.241,0,0,14584.58,bnpl,0
29.6,1.763,9485.25,15226.39,1.605,1,0,-3549.89,bnpl,1
107.0,1.842,12869.24,11257.23,0.875,1,0,22437.43,bnpl,0
57.3,1.79,20790.81,21781.93,1.048,1,0,-1132.84,bnpl,0
84.0,1.188,12804.8,15488.17,1.21,1,0,-5000.0,bnpl,0
46.0,1.471,8643.93,6215.41,0.719,0,0,19001.62,micro_credit,0
81.3,1.496,8000.0,21521.1,2.69,1,0,41797.33,cash,0
62.9,1.379,12345.46,9927.7,0.804,0,1,9490.85,grant,0
93.5,1.015,17912.18,12581.39,0.702,1,0,4593.12,micro_credit,0
72.8,1.539,8000.0,27507.56,3.438,0,0,12743.86,micro_credit,0
86.1,1.816,8000.0,15684.21,1.961,0,1,7182.46,grant,0
96.2,0.954,9465.49,8677.15,0.917,0,0,19780.73,cash,0
86.8,1.352,8000.0,11374.55,1.422,0,0,-4139.56,micro_credit,0
96.0,1.447,8000.0,9836.43,1.23,0,0,-5000.0,grant,0
34.2,1.204,10396.6,25103.25,2.415,0,0,17637.32,micro_credit,1
59.8,1.678,8049.86,8250.01,1.025,0,0,-5000.0,bnpl,0
31.2,1.441,10626.69,11462.74,1.079,1,0,4512.6,grant,1
51.4,1.72,8000.0,18523.87,2.315,0,0,-5000.0,bnpl,0
56.2,1.139,8000.0,20669.65,2.584,0,0,21281.31,cash,1
99.5,1.696,8000.0,10077.55,1.26,0,0,-2043.58,micro_credit,0
108.3,1.215,14796.77,19754.26,1.335,0,0,44933.16,micro_credit,0
64.8,1.749,27632.37,8606.71,0.311,1,0,-5000.0,cash,0
28.0,1.75,8000.0,9849.98,1.231,0,0,19871.64,cash,1
79.6,1.669,10938.35,24425.34,2.233,0,0,-5000.0,bnpl,0
58.1,1.334,14379.89,19835.32,1.379,0,0,20122.06,micro_credit,0
104.6,1.22,20957.48,27939.07,1.333,0,0,25241.2,micro_credit,1
119.5,1.086,8000.0,8067.37,1.008,0,0,24986.63,grant,0
48.7,1.762,18338.19,17718.45,0.966,1,1,17107.52,cash,0
50.3,1.313,17367.02,18557.73,1.069,0,0,11297.65,cash,0
64.6,0.983,8000.0,34588.64,4.324,1,1,-5000.0,bnpl,1
79.7,1.832,8000.0,13381.0,1.673,0,1,28882.48,bnpl,0
75.3,2.353,8000.0,21640.04,2.705,0,1,8889.57,cash,0
94.3,1.674,8000.0,13710.92,1.714,0,0,-5000.0,grant,0
90.1,1.633,13192.41,21632.78,1.64,1,0,18617.16,cash,0
78.7,1.303,8000.0,23218.49,2.902,0,0,37854.04,micro_credit,0
69.0,1.563,8000.0,23040.67,2.88,0,0,23977.5,micro_credit,0
123.5,1.304,8348.99,13729.41,1.644,1,0,23636.81,grant,0
69.6,1.306,14715.16,17972.97,1.221,1,0,-4492.93,bnpl,0
108.9,1.878,10513.69,12629.35,1.201,0,0,21973.04,micro_credit,0
53.5,1.558,8000.0,19575.82,2.447,0,0,-5000.0,bnpl,0
112.6,1.458,8997.93,8559.07,0.951,0,0,6815.3,cash,0
110.5,0.853,17582.06,14558.25,0.828,0,0,-5000.0,bnpl,0
48.1,2.019,8000.0,6410.27,0.801,1,0,32471.66,bnpl,0
83.5,1.287,10910.5,6876.3,0.63,0,0,31814.79,cash,0
101.5,1.699,11646.34,31845.57,2.734,0,0,11994.35,micro_credit,0
45.5,1.676,25304.09,6918.0,0.273,1,0,5493.67,bnpl,0
85.4,1.535,8000.0,22404.61,2.801,0,0,53760.73,grant,0
79.9,1.297,8000.0,13931.21,1.741,0,1,31869.79,grant,0
86.9,1.549,8000.0,6629.67,0.829,0,0,27025.52,cash,0
97.8,1.117,20240.23,16576.46,0.819,0,0,37192.7,micro_credit,0
41.4,1.168,9255.41,15939.12,1.722,0,0,44334.49,grant,1
92.7,1.482,8000.0,23777.63,2.972,1,1,-5000.0,cash,0
115.7,1.47,20247.0,17560.59,0.867,0,0,9534.08,bnpl,0
62.0,1.455,12000.97,12612.4,1.051,1,0,1311.39,micro_credit,0
70.9,1.572,8000.0,15552.75,1.944,0,0,-5000.0,bnpl,0
46.2,1.078,8000.0,5735.92,0.717,1,0,-762.38,bnpl,0
123.8,1.403,10721.3,15067.04,1.405,1,0,14359.17,micro_credit,0
73.1,1.215,19013.74,32661.69,1.718,0,0,-5000.0,grant,1
49.4,1.472,8000.0,15967.03,1.996,1,0,-1108.9,grant,0
129.1,1.883,10890.63,21265.52,1.953,0,1,31906.21,cash,0
60.9,1.321,10251.35,19416.91,1.894,0,0,14503.09,cash,0
35.6,1.325,9573.1,11595.63,1.211,1,0,47505.76,micro_credit,1
40.4,1.692,19343.29,42162.96,2.18,0,0,4720.85,grant,1
87.3,1.71,10807.19,11448.74,1.059,1,0,19847.56,micro_credit,0
15.0,1.741,10475.35,10696.15,1.021,0,0,48843.52,cash,1
58.1,1.437,24250.66,7649.28,0.315,1,0,2097.92,cash,0
71.3,1.785,10867.27,5937.57,0.546,0,0,2420.97,micro_credit,0
59.8,1.528,11987.62,15214.64,1.269,0,0,-5000.0,bnpl,0
101.6,1.621,18454.06,15433.71,0.836,0,0,31823.81,cash,0
86.7,1.927,12519.13,11454.6,0.915,1,0,52903.82,grant,0
97.2,1.711,8000.0,5951.69,0.744,0,0,17268.88,micro_credit,0
78.6,1.378,10545.37,28962.14,2.746,1,0,24517.24,bnpl,0
46.5,1.519,8000.0,9767.0,1.221,1,0,4554.92,grant,0
63.1,1.199,9344.61,8880.97,0.95,0,0,-5000.0,cash,0
126.3,1.855,8355.41,12214.15,1.462,1,1,-5000.0,cash,0
117.4,2.081,10620.19,21225.15,1.999,0,0,15155.16,micro_credit,0
41.6,1.435,10502.49,9414.43,0.896,1,0,8064.24,bnpl,0
72.7,1.527,10132.63,6745.74,0.666,1,0,-906.29,cash,0
42.9,1.824,8000.0,22799.06,2.85,0,0,36954.29,cash,1
67.4,0.821,8411.96,11669.09,1.387,0,1,-5000.0,cash,0
62.1,1.978,13349.27,7269.84,0.545,0,0,-5000.0,bnpl,0
66.8,1.49,12373.22,9005.37,0.728,0,0,21206.99,bnpl,0
123.4,1.778,9685.26,10930.01,1.129,0,0,5579.88,bnpl,0
104.5,1.374,10100.6,12433.61,1.231,0,0,2967.88,bnpl,0
40.7,1.64,9629.13,15916.83,1.653,1,0,2395.19,cash,1
105.5,1.305,21384.42,4623.0,0.216,1,0,19825.86,grant,0
86.9,1.327,11979.8,24434.11,2.04,0,0,-5000.0,cash,0
87.6,0.852,8000.0,29615.15,3.702,0,0,1527.92,micro_credit,1
45.7,1.495,25098.36,4414.17,0.176,0,0,-5000.0,cash,0
112.4,2.07,9447.03,6115.13,0.647,0,0,49725.18,grant,0
114.9,1.74,8000.0,11766.76,1.471,0,0,9113.52,grant,0
83.3,1.956,14701.98,6683.81,0.455,0,0,36776.94,micro_credit,0
82.8,1.742,19147.81,6559.25,0.343,0,0,11355.14,micro_credit,0
61.7,1.111,11568.25,48115.33,4.159,0,0,-5000.0,cash,1
74.2,1.729,10460.75,11359.16,1.086,0,0,-5000.0,grant,0
80.8,1.338,8000.0,23319.05,2.915,0,0,29250.94,micro_credit,0
76.3,1.614,16049.66,13675.85,0.852,0,0,28272.32,cash,0
67.6,1.917,11434.08,13449.92,1.176,1,1,-5000.0,micro_credit,0
82.2,1.317,8000.0,7719.8,0.965,0,0,-5000.0,micro_credit,0
128.1,1.923,23486.13,6169.71,0.263,1,0,13282.57,grant,0
42.7,1.355,8000.0,23903.29,2.988,0,1,4867.87,micro_credit,1
101.7,1.719,27907.13,5357.78,0.192,0,0,34666.2,grant,0
103.7,1.277,15571.69,14543.21,0.934,1,0,7905.43,grant,0
54.4,1.349,24894.83,12092.92,0.486,1,0,26078.34,grant,0
55.2,1.332,16105.13,5754.47,0.357,1,0,4526.15,bnpl,0
75.9,1.581,9130.79,15028.46,1.646,0,0,24471.4,grant,0
93.4,1.274,8709.16,23321.23,2.678,0,0,28103.65,cash,1
40.7,1.648,8000.0,12404.5,1.551,1,0,46159.81,bnpl,1
51.3,1.316,13958.07,5174.3,0.371,0,0,610.41,cash,0
89.9,1.372,8900.06,18202.28,2.045,1,1,19587.83,micro_credit,0
81.7,1.455,11690.45,11293.1,0.966,0,0,20240.5,cash,0
62.6,1.499,8000.0,11857.86,1.482,0,1,-2598.02,grant,0
47.1,1.622,10891.45,18593.75,1.707,0,0,4239.74,bnpl,0
85.2,1.704,12090.17,7676.28,0.635,0,0,14688.54,bnpl,0
84.1,1.552,8000.0,13203.92,1.65,0,1,51825.56,grant,0
66.0,1.346,11707.76,14354.35,1.226,0,0,33469.23,grant,0
43.6,1.755,12909.13,11179.3,0.866,1,0,18096.37,cash,0
100.7,1.794,8000.0,18978.97,2.372,0,0,10835.61,bnpl,0
76.8,1.57,9250.11,23282.08,2.517,1,0,10493.08,cash,0
47.0,1.44,10725.86,23767.35,2.216,1,0,22855.7,cash,0
53.7,2.246,11149.49,24378.7,2.187,0,1,9269.14,cash,0
88.3,1.785,17123.17,21623.86,1.263,0,0,27699.55,cash,0
67.1,1.39,11495.07,20195.61,1.757,0,1,7991.03,grant,0
101.6,1.957,8000.0,7628.86,0.954,0,0,9473.25,cash,0
82.7,1.403,18187.53,15263.76,0.839,0,0,12710.05,grant,0
39.1,1.182,11231.24,3740.87,0.333,1,0,30227.47,cash,0
71.0,2.458,27960.9,10940.24,0.391,0,0,10085.93,bnpl,0
99.9,2.027,8000.0,4525.55,0.566,1,0,803.37,micro_credit,0
89.6,1.689,16016.86,6248.94,0.39,0,0,-5000.0,bnpl,0
96.5,1.318,8000.0,13092.37,1.637,0,0,26277.16,micro_credit,0
71.9,1.422,9212.23,9859.39,1.07,0,0,-5000.0,cash,0
57.1,1.696,11438.67,13259.01,1.159,0,0,-5000.0,grant,0
70.5,0.94,10724.8,26525.76,2.473,1,0,-5000.0,bnpl,1
60.4,1.642,17392.24,9447.23,0.543,1,1,-460.51,grant,0
25.8,1.579,24808.32,14080.51,0.568,0,0,11598.98,bnpl,0
83.1,1.547,8000.0,19011.59,2.376,0,0,16063.71,micro_credit,0
75.4,1.277,17793.32,17423.7,0.979,0,1,2047.42,grant,0
100.0,1.411,8000.0,7959.83,0.995,0,0,-5000.0,micro_credit,0
86.8,1.037,8000.0,3860.02,0.483,0,0,10450.75,grant,0
71.2,1.459,8000.0,6344.04,0.793,0,0,20358.66,cash,0
61.2,1.639,8000.0,13354.18,1.669,0,0,35459.0,bnpl,0
89.7,1.435,11111.54,10589.67,0.953,0,1,12141.84,grant,0
66.9,1.504,10888.28,6999.91,0.643,0,0,-5000.0,bnpl,0
40.3,1.102,8000.0,13196.47,1.65,0,0,-4070.18,bnpl,1
87.8,1.56,8000.0,17330.73,2.166,0,0,26594.38,micro_credit,0
50.2,1.668,8000.0,12755.51,1.594,0,1,-5000.0,cash,0
30.2,1.443,9361.14,9713.54,1.038,1,0,-5000.0,bnpl,1
65.0,1.625,9699.19,13364.75,1.378,0,0,-62.07,bnpl,0
104.3,1.221,12325.21,23156.72,1.879,1,0,20656.35,cash,1
69.9,1.402,15775.91,5526.8,0.35,0,0,-5000.0,bnpl,0
65.1,1.897,11741.62,7098.05,0.605,1,0,6414.46,micro_credit,0
59.6,1.351,15375.03,5684.74,0.37,0,0,40958.06,bnpl,0
95.7,1.855,8035.92,11131.48,1.385,0,0,-5000.0,micro_credit,0
61.9,1.688,17733.81,6575.22,0.371,1,0,5420.89,micro_credit,0
71.2,1.159,12914.52,8117.73,0.629,0,0,8482.97,cash,0
63.7,1.329,9865.8,10736.61,1.088,0,0,5306.56,bnpl,0
56.8,1.639,20829.55,13055.15,0.627,0,0,29930.13,grant,0
40.2,1.594,8000.0,5365.21,0.671,1,0,-1308.69,grant,0
104.8,1.816,11040.79,5203.13,0.471,1,0,8466.95,grant,0
82.5,1.599,8000.0,7408.07,0.926,0,0,10846.6,cash,0
88.4,0.935,9200.79,13077.87,1.421,0,0,27293.02,micro_credit,0
92.3,1.713,8000.0,4232.71,0.529,0,1,4925.05,grant,0
100.0,1.94,13626.16,15308.1,1.123,0,0,18833.51,grant,0
61.1,1.514,20974.89,7198.25,0.343,0,0,41066.02,grant,0
66.9,1.921,8000.0,16684.7,2.086,0,0,-1261.86,grant,0
39.6,1.611,15588.09,7595.28,0.487,0,0,-5000.0,grant,0
72.7,1.526,12666.85,20379.34,1.609,0,0,10930.53,bnpl,0
121.4,1.613,8468.49,4982.26,0.588,1,0,7272.13,grant,0
66.6,1.819,12186.91,6319.19,0.519,0,0,15100.58,cash,0
91.8,1.978,14755.58,18369.84,1.245,0,0,13081.55,micro_credit,0
84.7,1.9,8000.0,9974.71,1.247,1,0,-1906.24,grant,0
84.5,1.894,8000.0,3246.5,0.406,1,0,4580.03,micro_credit,0
97.8,1.701,12000.26,10363.07,0.864,0,0,-5000.0,grant,0
87.9,1.316,26445.56,16544.0,0.626,1,1,1548.33,bnpl,0
59.7,1.524,8885.93,22342.78,2.514,0,0,15355.49,cash,0
56.7,2.079,10119.19,18450.78,1.823,0,0,1051.92,cash,0
84.1,1.637,8000.0,36621.89,4.578,0,1,35231.6,grant,0
65.1,1.241,11572.68,12678.76,1.096,1,0,18402.04,bnpl,0
79.8,1.692,18982.78,16522.14,0.87,0,0,-5000.0,grant,0
109.1,2.009,40881.2,6516.41,0.159,0,0,16371.88,grant,0
22.9,1.705,8000.0,34818.19,4.352,1,0,-1943.07,cash,1
32.8,1.418,8000.0,18271.63,2.284,0,0,-5000.0,micro_credit,1
75.7,0.968,8568.65,29847.55,3.483,0,0,18491.66,cash,1
53.4,1.541,9977.7,15676.95,1.571,0,1,-5000.0,cash,0
89.8,0.8,8000.0,9241.41,1.155,0,0,23399.88,bnpl,0
75.6,1.156,8000.0,13484.2,1.686,0,0,10576.79,bnpl,0
60.5,1.415,13538.27,9093.08,0.672,0,0,10414.36,cash,0
129.2,1.151,8000.0,18601.07,2.325,0,1,-215.58,cash,0
67.0,1.331,8805.13,29120.45,3.307,0,0,26438.31,bnpl,0
96.6,1.153,8000.0,2536.41,0.317,1,0,-2568.85,micro_credit,0
98.9,1.695,8958.15,11941.02,1.333,0,0,-399.94,grant,0
80.1,1.764,8000.0,14254.19,1.782,0,0,28783.83,bnpl,0
64.6,1.746,35122.4,11414.18,0.325,0,0,19079.53,cash,0
56.5,1.601,12174.78,13455.77,1.105,0,0,-5000.0,bnpl,0
80.2,1.959,12111.2,20518.72,1.694,1,0,7733.78,grant,0
93.7,1.628,8000.0,14402.92,1.8,0,0,-5000.0,bnpl,0
59.2,1.603,11313.59,6285.01,0.556,1,0,30971.74,grant,0
89.3,1.353,8000.0,11162.36,1.395,0,1,3973.01,micro_credit,0
77.8,1.448,8000.0,9763.53,1.22,0,0,6498.86,grant,0
90.8,1.355,21065.75,4224.25,0.201,0,1,35601.01,bnpl,0
69.4,1.791,10259.0,22623.75,2.205,0,0,5027.48,bnpl,0
47.5,1.948,9404.41,13654.95,1.452,0,0,34225.53,grant,0
49.2,1.717,8000.0,11240.82,1.405,0,0,13301.02,grant,0
37.5,1.332,18178.28,19680.92,1.083,0,0,10872.49,grant,1
81.1,1.468,18223.41,10827.08,0.594,1,1,16173.16,bnpl,0
103.7,1.332,19959.39,5209.54,0.261,0,0,41333.56,cash,0
65.7,1.482,8000.0,9413.15,1.177,0,0,-5000.0,grant,0
59.8,1.512,15229.75,13550.54,0.89,0,1,17538.18,micro_credit,0
47.6,1.303,22235.07,8067.83,0.363,1,0,41811.75,cash,0
68.9,1.551,16021.14,24331.83,1.519,0,1,10005.37,cash,0
65.3,1.534,11522.78,19736.34,1.713,1,0,12076.14,cash,0
90.5,2.009,11749.77,14348.62,1.221,0,0,-5000.0,bnpl,0
15.0,1.659,9483.69,9107.65,0.96,1,0,16383.54,grant,0
73.5,1.866,10288.17,8015.98,0.779,1,1,29822.99,micro_credit,0
69.6,1.697,8000.0,8455.69,1.057,1,0,13515.03,micro_credit,0
75.3,1.684,8770.15,4402.83,0.502,0,1,4210.07,bnpl,0
94.8,1.467,8858.45,20795.82,2.348,0,0,-815.52,micro_credit,0
36.4,1.505,8000.0,7105.07,0.888,0,0,8843.19,grant,0
87.3,1.547,11363.27,32773.46,2.884,0,0,5828.18,micro_credit,0
82.0,1.407,8000.0,8763.06,1.095,0,1,3382.35,micro_credit,0
84.0,2.208,8000.0,9612.85,1.202,0,0,10863.79,bnpl,0
84.9,1.624,17638.57,3182.7,0.18,0,0,-5000.0,bnpl,0
62.6,1.857,8000.0,2311.85,0.289,0,1,22281.23,micro_credit,0
81.1,1.245,8000.0,7091.42,0.886,0,0,13989.64,grant,0
59.3,1.688,8000.0,7545.69,0.943,0,0,-5000.0,bnpl,0
68.6,1.399,14172.09,4347.54,0.307,0,0,12818.85,bnpl,0
89.0,2.07,8000.0,14450.04,1.806,0,0,-5000.0,micro_credit,0
15.2,1.787,9872.4,23113.73,2.341,0,0,-5000.0,micro_credit,1
88.0,2.073,11954.55,14074.5,1.177,0,0,12154.01,micro_credit,0
35.7,1.93,8000.0,15954.01,1.994,0,0,-5000.0,cash,1
45.5,1.952,8465.16,26884.4,3.176,0,0,10591.85,cash,0
29.0,1.8,8000.0,17752.45,2.219,0,0,12453.8,grant,1
36.4,1.596,26590.26,15853.45,0.596,0,0,10964.68,bnpl,0
101.9,1.609,10875.75,6631.63,0.61,1,0,16209.26,bnpl,0
100.9,1.316,18788.93,11493.78,0.612,0,0,-3979.85,cash,0
99.9,1.47,13929.74,10296.23,0.739,0,0,10923.13,grant,0
87.3,1.631,8000.0,6524.48,0.816,1,0,28729.38,micro_credit,0
71.7,1.403,8000.0,6675.14,0.834,0,1,-5000.0,micro_credit,0
72.5,1.382,8000.0,11643.83,1.455,0,0,18551.47,bnpl,0
127.3,1.127,16675.93,20644.53,1.238,1,0,-2023.67,cash,1
80.1,1.422,10759.67,27723.12,2.577,0,0,22900.91,bnpl,0
87.7,1.43,8000.0,10778.86,1.347,0,0,33718.95,micro_credit,0
36.8,1.255,10475.77,7033.5,0.671,0,0,-2265.42,cash,0
64.4,1.168,8000.0,17798.78,2.225,0,0,-5000.0,cash,0
35.1,1.374,13758.06,10847.53,0.788,1,0,3637.54,micro_credit,0
76.1,1.061,12364.91,14926.44,1.207,0,0,4632.45,bnpl,0
100.1,1.234,16441.42,13160.45,0.8,0,0,5942.05,micro_credit,0
74.5,1.52,17139.26,6686.37,0.39,0,1,-1725.35,micro_credit,0
100.9,1.383,14842.35,30782.14,2.074,0,0,4767.69,micro_credit,0
92.0,1.227,13899.8,13489.72,0.97,1,1,20514.69,bnpl,0
58.9,1.085,12412.55,3885.97,0.313,0,0,6287.69,grant,0
98.5,1.604,23783.66,21243.58,0.893,0,0,229.83,bnpl,0
75.7,1.537,8000.0,7206.8,0.901,0,0,1906.3,micro_credit,0
24.1,1.563,8847.74,4817.01,0.544,0,0,19275.83,bnpl,0
92.9,1.614,8554.13,16735.6,1.956,0,0,24243.97,cash,0
82.7,1.319,11208.98,23330.44,2.081,0,0,1260.68,micro_credit,0
127.4,1.403,10042.52,8350.97,0.832,1,0,16018.88,bnpl,0
31.4,1.397,8000.0,13022.53,1.628,0,0,29900.05,cash,1
91.2,0.886,24808.25,14219.99,0.573,0,0,-1976.98,grant,0
78.9,1.599,8000.0,13478.54,1.685,1,0,1065.5,micro_credit,0
64.9,1.358,8000.0,13097.94,1.637,0,1,22535.39,bnpl,0
87.9,1.78,11452.38,9018.21,0.787,0,0,27113.95,grant,0
41.1,1.298,8000.0,21895.38,2.737,1,1,28970.19,cash,1
87.2,1.85,8000.0,14643.14,1.83,0,0,9746.86,bnpl,0
96.2,1.518,8322.98,16276.86,1.956,0,1,27771.05,bnpl,0
58.3,1.533,8000.0,3059.68,0.382,0,0,15608.27,bnpl,0
90.2,1.623,8000.0,9966.98,1.246,0,0,-5000.0,micro_credit,0
109.2,1.246,17412.29,20337.63,1.168,1,0,-4210.63,grant,1
46.7,1.648,8000.0,12789.33,1.599,0,0,3309.1,micro_credit,0
30.5,0.925,10960.0,8876.33,0.81,0,0,2044.38,bnpl,0
92.4,1.879,8754.78,10023.33,1.145,0,0,21002.57,bnpl,0
41.1,1.612,12687.2,17573.14,1.385,1,0,-5000.0,bnpl,1
56.0,1.304,10352.15,15747.07,1.521,1,0,38940.79,micro_credit,0
62.6,1.411,16603.23,14230.14,0.857,0,0,34817.73,micro_credit,0
82.2,1.226,8000.0,5149.57,0.644,0,0,23916.93,micro_credit,0
104.7,2.068,14463.7,22915.33,1.584,0,0,1559.71,cash,0
46.1,1.788,11943.67,12824.27,1.074,1,1,18972.69,bnpl,0
83.1,1.909,17725.22,16306.53,0.92,1,1,27224.45,cash,0
87.9,1.421,13911.26,5614.05,0.404,0,0,30970.05,cash,0
45.1,1.63,8000.0,16388.97,2.049,0,0,11389.35,grant,0
35.1,1.668,8000.0,19626.4,2.453,0,0,12023.86,bnpl,1
84.9,1.282,8000.0,9393.27,1.174,0,0,27420.64,cash,0
116.9,1.325,16067.95,3665.34,0.228,0,1,-5000.0,cash,0
51.0,1.171,8000.0,15171.13,1.896,1,0,8146.78,cash,0
84.5,1.743,11153.71,17357.32,1.556,0,0,10748.42,grant,0
45.3,1.846,8000.0,7225.86,0.903,0,0,8797.48,micro_credit,0
52.2,1.433,11554.43,14641.1,1.267,0,0,-4160.94,micro_credit,0
62.8,1.851,12374.34,37846.2,3.058,0,0,33242.31,cash,0
103.6,1.161,13957.01,11740.4,0.841,0,1,2082.33,bnpl,0
79.2,1.815,12399.04,7456.49,0.601,0,0,25364.26,grant,0
59.1,1.611,8634.25,10717.4,1.241,0,0,25792.37,grant,0
49.0,2.095,8000.0,8701.78,1.088,0,0,18663.81,bnpl,0
89.6,1.522,9644.8,15150.71,1.571,0,0,7840.75,micro_credit,0
109.8,1.785,14658.43,7105.42,0.485,0,0,10571.01,cash,0
67.5,1.268,11638.5,8993.84,0.773,1,0,23797.27,grant,0
48.2,2.031,8000.0,13638.01,1.705,0,0,26253.47,micro_credit,0
60.7,1.789,8000.0,26867.29,3.358,1,0,12254.69,cash,0
60.1,1.466,14242.9,8765.24,0.615,0,0,-1488.44,micro_credit,0
69.5,1.22,22454.46,8852.75,0.394,0,0,26969.1,bnpl,0
80.2,1.274,9870.64,18605.3,1.885,0,0,8611.3,cash,0
104.8,1.836,14965.63,9388.01,0.627,1,0,-5000.0,micro_credit,0
59.7,1.605,12652.42,3661.53,0.289,0,0,11853.96,grant,0
79.0,1.472,17695.63,15244.58,0.861,0,0,35583.45,bnpl,0
69.6,1.812,20656.39,24870.34,1.204,0,0,-5000.0,cash,0
68.7,1.453,12334.61,17632.42,1.43,0,0,-3100.07,bnpl,0
76.7,0.984,18937.04,9119.72,0.482,1,0,13005.55,bnpl,0
67.3,1.871,8000.0,11978.45,1.497,0,0,10095.26,cash,0
63.7,2.033,8000.0,18480.8,2.31,0,0,18412.55,cash,0
106.5,1.363,8000.0,22089.08,2.761,1,0,19655.78,micro_credit,0
36.4,1.399,11776.63,19163.65,1.627,0,0,-226.15,micro_credit,1
15.0,1.697,8000.0,3985.68,0.498,0,0,-5000.0,micro_credit,0
95.3,1.586,8941.46,25950.95,2.902,0,0,23471.84,cash,0
115.4,1.16,9744.44,4968.17,0.51,0,0,7871.12,bnpl,0
68.8,1.725,10102.15,17032.42,1.686,0,0,24661.92,bnpl,0
128.9,1.462,8000.0,13840.38,1.73,1,0,-2441.04,micro_credit,0
112.0,1.471,8000.0,9328.0,1.166,1,0,24931.51,bnpl,0
71.1,1.37,20939.83,7548.52,0.36,1,0,12640.19,cash,0
91.3,1.093,12284.79,6766.17,0.551,0,0,26810.09,cash,0
50.9,1.744,16278.9,19414.78,1.193,0,0,16523.7,grant,0
69.2,1.389,19186.57,8227.83,0.429,0,0,-5000.0,cash,0
91.6,1.327,8000.0,5464.44,0.683,0,0,3307.62,cash,0
72.9,1.618,15185.37,16151.91,1.064,1,0,8564.3,grant,0
70.0,1.693,17547.32,12958.05,0.738,1,1,3555.64,bnpl,0
50.2,1.145,13357.34,16612.13,1.244,1,0,22392.54,cash,0
71.8,1.944,8000.0,20443.05,2.555,0,1,11302.63,grant,0
59.8,1.716,11900.51,14710.77,1.236,0,0,13463.01,cash,0
74.1,2.219,16863.65,17989.7,1.067,0,0,14012.38,cash,0
100.2,1.695,10014.53,10229.59,1.021,0,0,10543.49,cash,0
15.0,1.609,8000.0,29026.62,3.628,0,0,12348.19,micro_credit,1
45.3,1.536,8000.0,15683.65,1.96,1,0,17237.05,bnpl,0
98.9,1.329,10049.76,5705.8,0.568,0,0,24626.91,grant,0
88.0,1.689,9904.34,15185.94,1.533,0,0,40878.1,micro_credit,0
67.9,1.589,8000.0,7498.49,0.937,1,1,13760.64,cash,0
102.6,1.478,8900.28,9664.49,1.086,0,1,2374.38,cash,0
82.4,1.131,17613.53,8383.47,0.476,0,1,24994.26,micro_credit,0
43.3,1.737,13391.49,14932.74,1.115,0,1,-5000.0,bnpl,1
81.2,1.219,8833.06,21293.93,2.411,1,0,26340.63,bnpl,1
75.4,1.277,13233.6,12217.93,0.923,0,0,-5000.0,micro_credit,0
94.6,1.543,17002.29,6618.35,0.389,0,0,-5000.0,bnpl,0
82.0,1.632,8000.0,7057.35,0.882,0,0,61593.92,cash,0
67.4,1.755,8000.0,3828.9,0.479,0,0,8935.35,micro_credit,0
68.4,1.438,9399.5,13979.5,1.487,0,0,9297.89,micro_credit,0
43.4,1.686,8000.0,3913.95,0.489,1,0,25305.25,micro_credit,0
87.7,1.534,8000.0,8189.83,1.024,0,0,7270.56,bnpl,0
35.1,1.343,13273.82,26503.13,1.997,0,0,4450.17,bnpl,1
93.9,1.014,13316.42,7768.47,0.583,0,0,17532.22,bnpl,0
68.8,1.92,8000.0,17071.8,2.134,0,1,6968.87,bnpl,0
71.0,1.499,8000.0,11995.0,1.499,0,0,10872.33,grant,0
81.0,1.574,14173.05,20089.04,1.417,0,0,-5000.0,micro_credit,0
96.7,1.218,12894.23,16998.09,1.318,1,1,-5000.0,grant,0
77.3,1.419,8000.0,25411.8,3.176,0,0,233.78,cash,0
54.8,1.571,13473.98,11182.37,0.83,0,0,32994.67,grant,0
88.3,0.94,8000.0,8874.94,1.109,0,0,20628.5,bnpl,0
15.0,2.264,12568.66,13119.86,1.044,0,1,33268.22,grant,1
133.6,1.794,15168.34,12989.28,0.856,0,0,9452.54,cash,0
63.1,1.319,8000.0,5751.37,0.719,0,0,10634.31,cash,0
32.9,1.603,9736.64,13105.86,1.346,1,0,2601.63,grant,1
151.9,1.931,8000.0,13740.15,1.718,1,0,1055.89,micro_credit,0
49.6,1.175,12022.05,8310.22,0.691,1,0,29420.87,bnpl,0
99.8,1.935,8000.0,15700.55,1.963,1,0,23384.18,cash,0
63.1,1.334,20420.29,13699.61,0.671,0,0,23447.42,grant,0
54.4,1.209,8000.0,11291.3,1.411,0,0,-5000.0,cash,0
74.8,1.077,8000.0,17483.3,2.185,0,0,22868.23,cash,0
65.2,1.265,8000.0,9844.84,1.231,1,0,23601.33,cash,0
98.2,1.411,8000.0,14007.02,1.751,0,0,-2823.63,bnpl,0
62.0,1.921,14360.0,13185.67,0.918,1,0,-5000.0,micro_credit,0
80.3,1.848,8357.92,25415.46,3.041,0,0,35269.42,micro_credit,0
116.6,1.635,12891.54,26312.6,2.041,0,0,20053.09,bnpl,0
62.5,1.424,11018.71,5944.32,0.539,0,0,9421.34,cash,0
102.4,0.936,19742.26,22410.97,1.135,0,0,3724.24,grant,1
88.6,1.551,17214.3,20753.62,1.206,0,0,-5000.0,grant,0
89.7,1.492,10273.0,8099.08,0.788,0,1,43466.47,bnpl,0
101.0,1.343,8000.0,9777.9,1.222,0,1,19821.05,bnpl,0
81.0,1.901,14121.64,20604.46,1.459,0,0,17883.4,micro_credit,0
40.3,1.495,15947.23,11750.63,0.737,1,0,21055.63,grant,0
67.0,1.262,9362.76,14328.07,1.53,1,0,197.62,bnpl,0
69.1,1.287,16377.44,10280.96,0.628,0,0,38149.6,grant,0
113.2,1.527,8000.0,3838.19,0.48,0,0,-5000.0,bnpl,0
40.7,1.936,10426.66,14977.17,1.436,1,0,-5000.0,cash,1
45.1,1.798,11260.41,11148.24,0.99,0,0,22167.16,grant,0
115.9,1.488,10210.95,13439.16,1.316,0,0,55057.97,micro_credit,0
22.5,1.741,9398.82,16510.05,1.757,0,0,167.29,bnpl,1
73.8,1.749,40167.34,18852.86,0.469,0,0,-3265.18,micro_credit,0
64.4,1.423,8000.0,10081.43,1.26,0,0,25190.92,micro_credit,0
43.1,1.844,12326.4,8072.12,0.655,0,0,9452.47,micro_credit,0
115.0,1.755,9936.33,10607.05,1.068,0,0,13378.96,micro_credit,0
62.2,0.961,24809.45,13166.47,0.531,0,0,19166.65,micro_credit,0
73.6,1.344,9102.77,5015.72,0.551,1,1,52987.56,grant,0
44.1,1.261,8118.36,24549.37,3.024,0,0,12261.16,cash,1
44.1,1.901,13752.15,16254.73,1.182,1,0,24883.22,cash,1
134.9,2.162,8000.0,29529.26,3.691,1,0,18897.03,cash,0
87.5,1.076,9166.64,7730.64,0.843,0,1,26905.06,bnpl,0
101.8,0.969,9799.48,22404.65,2.286,1,0,8639.78,cash,1
93.2,1.648,11541.99,10412.65,0.902,1,0,-5000.0,bnpl,0
47.0,1.749,9984.17,11201.67,1.122,0,0,4369.98,micro_credit,0
67.4,1.843,8511.22,5781.48,0.679,1,0,25385.73,cash,0
69.9,1.559,20402.45,11952.45,0.586,0,0,17205.31,cash,0
45.5,1.488,13020.58,5138.64,0.395,0,0,15615.21,bnpl,0
77.5,1.562,15783.52,14529.57,0.921,0,1,38605.29,cash,0
50.2,1.588,10280.56,6713.73,0.653,1,0,29213.31,micro_credit,0
133.1,1.545,12422.44,12663.58,1.019,0,0,-844.52,bnpl,0
29.5,1.352,8000.0,30861.23,3.858,0,0,9928.03,bnpl,1
66.4,1.799,8000.0,7928.54,0.991,0,0,13225.3,micro_credit,0
100.7,1.69,11067.26,12619.07,1.14,1,0,19204.25,micro_credit,0
80.0,1.262,10104.49,6697.38,0.663,0,0,13459.49,bnpl,0
63.0,2.261,9721.04,5584.04,0.574,0,0,9584.76,micro_credit,0
88.0,2.019,8000.0,5062.75,0.633,0,0,26703.07,micro_credit,0
40.5,1.428,8813.77,11634.17,1.32,0,0,24404.96,cash,1
57.9,1.473,9833.78,13125.06,1.335,0,1,13760.89,grant,0
85.9,1.786,11809.8,15513.6,1.314,1,0,-5000.0,grant,0
76.3,1.684,13739.41,8260.22,0.601,0,1,137.29,micro_credit,0
60.6,1.7,15760.25,9661.43,0.613,0,0,28343.32,cash,0
78.1,1.515,8999.08,18226.58,2.025,0,1,17860.4,micro_credit,0
131.9,1.311,12495.77,9035.71,0.723,1,0,-3647.17,bnpl,0
74.7,1.588,36797.24,10924.03,0.297,0,0,-5000.0,cash,0
81.8,0.969,9495.94,12195.4,1.284,0,0,26302.81,grant,0
99.3,1.409,9248.57,7931.79,0.858,0,0,-5000.0,bnpl,0
82.7,1.193,8212.54,6992.93,0.851,1,1,21894.3,bnpl,0
120.0,1.186,8000.0,11285.93,1.411,0,0,12282.56,bnpl,0
80.5,1.425,9042.69,14796.27,1.636,1,0,30727.76,bnpl,0
26.1,1.447,10896.69,7296.23,0.67,1,1,43161.05,micro_credit,0
59.1,1.538,12710.83,8732.38,0.687,0,1,-5000.0,grant,0
64.3,1.838,8504.9,7589.05,0.892,0,1,28662.1,bnpl,0
66.7,1.407,10585.66,18470.18,1.745,1,0,54870.84,grant,0
95.7,1.875,8000.0,6875.86,0.859,1,0,13121.96,micro_credit,0
77.7,1.248,9146.42,15057.4,1.646,0,0,18487.08,cash,0
87.6,1.631,8000.0,9112.07,1.139,0,0,-5000.0,grant,0
119.6,1.554,8944.7,7252.96,0.811,0,0,64841.84,grant,0
48.2,1.43,11933.76,16816.52,1.409,0,0,29242.78,micro_credit,0
120.2,1.692,8000.0,10495.27,1.312,1,0,17540.98,cash,0
126.7,1.159,17003.24,13345.75,0.785,1,0,27080.95,grant,0
72.5,1.314,13875.68,17325.54,1.249,0,0,29497.03,bnpl,0
74.7,1.382,8000.0,18970.78,2.371,1,0,19630.01,cash,0
50.9,1.399,8022.12,5347.36,0.667,0,1,-2718.28,cash,0
46.7,1.435,8000.0,4940.13,0.618,1,1,48406.62,bnpl,0
106.3,1.332,11187.92,15208.44,1.359,0,0,33439.55,micro_credit,0
54.5,1.856,8000.0,5798.04,0.725,0,0,25034.46,cash,0
107.3,2.275,8000.0,17754.7,2.219,0,0,4623.58,micro_credit,0
94.6,1.138,8000.0,7889.35,0.986,0,0,13421.35,grant,0
59.0,1.735,15710.78,16810.65,1.07,0,1,41138.18,grant,0
85.4,1.209,18279.21,8666.01,0.474,0,0,28387.53,bnpl,0
114.3,1.678,8000.0,7295.28,0.912,0,0,35809.4,micro_credit,0
70.8,1.572,13925.42,17729.36,1.273,0,0,17018.4,grant,0
69.8,1.462,14560.31,16390.6,1.126,1,0,7368.6,bnpl,0
102.1,1.514,8000.0,7963.04,0.995,0,0,-5000.0,grant,0
68.2,1.895,8000.0,13408.74,1.676,0,0,179.59,grant,0
68.5,1.127,8962.08,10866.74,1.213,0,0,21725.18,grant,0
80.6,1.214,16121.18,13570.68,0.842,0,0,15571.08,cash,0
74.8,1.405,10916.29,15702.48,1.438,0,0,-5000.0,bnpl,0
61.5,1.479,11106.4,23302.62,2.098,1,0,-1891.33,grant,0
62.6,1.406,8000.0,9987.08,1.248,0,0,25874.44,cash,0
48.7,1.67,8000.0,8877.4,1.11,1,0,6069.19,grant,0
116.9,1.473,8000.0,4026.33,0.503,1,1,12612.53,bnpl,0
90.3,1.655,10672.3,22908.03,2.146,1,0,2287.36,cash,0
97.4,1.093,8000.0,4474.4,0.559,0,0,7052.78,grant,0
73.8,1.582,10176.61,7257.9,0.713,0,0,8575.66,grant,0
37.6,1.932,8633.18,9238.3,1.07,0,0,40600.93,bnpl,1
43.9,1.235,8000.0,11645.45,1.456,1,0,19769.37,grant,1
93.5,2.27,8000.0,16895.53,2.112,0,0,1971.65,cash,0
60.3,1.376,8000.0,30530.72,3.816,0,1,27161.35,cash,0
75.6,1.928,8000.0,5814.51,0.727,1,0,-5000.0,cash,0
57.5,1.595,10366.0,13123.21,1.266,1,0,-5000.0,cash,0
95.1,1.617,13764.86,4268.34,0.31,0,0,17606.84,micro_credit,0
45.3,1.439,12587.56,12709.45,1.01,1,1,-3327.72,bnpl,0
75.2,1.121,16607.68,10797.76,0.65,0,1,32133.9,cash,0
61.8,1.403,8000.0,19572.79,2.447,0,0,-769.76,micro_credit,0
91.1,1.443,8000.0,8833.68,1.104,1,0,-5000.0,grant,0
75.8,1.217,15013.26,11497.77,0.766,0,0,8803.27,grant,0
91.4,1.82,9808.02,7909.66,0.806,0,0,-5000.0,grant,0
57.8,1.377,10385.6,9998.29,0.963,1,0,24382.79,cash,0
59.7,1.534,16861.6,14588.72,0.865,0,0,10919.32,cash,0
60.0,1.373,8000.0,8977.23,1.122,0,0,25601.99,cash,0
69.5,1.172,21931.43,14414.37,0.657,0,0,-5000.0,micro_credit,0
64.0,1.581,21312.87,6571.77,0.308,0,0,29568.73,grant,0
110.0,1.374,8735.22,6836.49,0.783,0,0,8337.7,cash,0
74.1,1.735,16164.66,8010.81,0.496,0,1,-5000.0,cash,0
74.5,1.632,11072.7,10100.39,0.912,0,0,14245.54,cash,0
112.9,1.657,8366.44,9181.0,1.097,0,0,8942.66,bnpl,0
115.9,1.499,9809.36,9271.75,0.945,0,0,31781.7,bnpl,0
124.0,1.676,10272.73,12335.43,1.201,0,0,-5000.0,grant,0
93.6,1.588,12001.1,8173.85,0.681,1,0,5079.78,bnpl,0
64.7,1.836,8346.17,38004.63,4.554,1,0,19755.52,grant,0
43.1,1.514,8000.0,3615.88,0.452,0,0,40790.48,bnpl,0
92.6,1.699,10661.9,5652.71,0.53,0,0,3294.89,grant,0
96.0,1.256,8000.0,10668.94,1.334,0,0,9448.36,micro_credit,0
78.4,1.754,13186.15,13937.29,1.057,0,0,33519.56,bnpl,0
37.0,1.691,13120.65,6113.41,0.466,0,1,-5000.0,micro_credit,0
56.4,1.365,13891.59,8621.41,0.621,0,0,-3414.27,micro_credit,0
59.7,1.863,9955.39,10953.47,1.1,0,0,10019.9,grant,0
107.3,1.34,17889.67,13572.12,0.759,0,1,9112.45,micro_credit,0
137.5,1.254,8440.88,6137.44,0.727,0,1,29144.32,micro_credit,0
117.2,2.018,17167.56,10843.37,0.632,0,1,5425.66,micro_credit,0
33.2,2.12,12222.58,9222.71,0.755,0,1,35905.02,micro_credit,0
50.7,1.664,9157.39,17176.07,1.876,1,0,10855.68,bnpl,0
38.7,1.571,15866.87,11895.68,0.75,0,0,25952.07,grant,0
48.9,1.543,8000.0,18230.28,2.279,0,0,12566.85,bnpl,0
92.3,1.855,13510.58,14047.72,1.04,0,0,-5000.0,grant,0
74.9,1.401,8477.5,9837.99,1.16,0,0,-5000.0,micro_credit,0
26.1,1.363,10796.97,5758.9,0.533,0,0,12282.28,cash,0
122.5,1.836,20735.32,14989.73,0.723,0,1,33015.18,micro_credit,0
56.9,1.37,8000.0,23210.96,2.901,0,0,39725.83,bnpl,0
61.2,1.479,8000.0,14920.02,1.865,0,0,32248.79,micro_credit,0
31.4,1.665,8738.53,12866.3,1.472,0,0,20261.89,bnpl,1
70.3,1.521,8988.99,20612.93,2.293,1,0,19537.68,bnpl,0
80.5,1.194,8346.85,19816.46,2.374,1,0,12678.54,micro_credit,0
91.5,2.045,15793.8,12723.9,0.806,0,1,2802.19,grant,0
15.0,1.503,8546.65,14983.45,1.753,0,0,9229.71,cash,1
67.0,1.052,8000.0,15711.65,1.964,1,0,42886.34,bnpl,0
72.6,1.642,15193.38,7738.85,0.509,0,0,18602.65,grant,0
56.5,1.792,10594.94,14244.82,1.344,0,0,-2086.77,bnpl,0
92.7,2.134,8000.0,10027.96,1.253,0,1,16168.93,grant,0
94.7,1.393,8000.0,25528.59,3.191,0,0,25689.11,micro_credit,0
31.4,1.38,20043.94,26803.51,1.337,0,0,28895.52,micro_credit,1
70.6,1.573,9330.87,22483.39,2.41,0,0,-3765.16,cash,0
54.9,1.833,9701.52,25800.7,2.659,0,0,-87.22,micro_credit,0
73.6,1.292,9929.97,5360.43,0.54,1,0,3222.6,cash,0
39.1,1.744,13663.25,4667.39,0.342,0,0,36009.94,bnpl,0
137.4,1.563,8000.0,57146.98,7.143,1,0,-5000.0,grant,0
75.5,1.6,18129.88,14733.17,0.813,0,0,3024.59,micro_credit,0
51.2,1.454,8000.0,12410.57,1.551,1,0,1844.47,grant,0
37.6,1.901,8000.0,6018.09,0.752,1,1,8971.34,micro_credit,0
76.7,1.061,11490.1,6795.82,0.591,0,0,42798.52,micro_credit,0
88.1,1.438,8000.0,11410.25,1.426,1,0,23030.23,bnpl,0
74.4,1.489,10160.54,8672.2,0.854,0,0,5822.29,grant,0
22.9,1.823,11321.5,7899.85,0.698,0,0,46177.23,grant,0
77.2,1.26,14552.7,15046.89,1.034,0,1,19102.44,bnpl,0
64.4,1.676,8797.38,16412.0,1.866,0,0,-5000.0,grant,0
64.2,2.032,8000.0,8672.3,1.084,0,0,3936.7,grant,0
44.6,0.932,8921.65,13026.26,1.46,1,0,11054.91,micro_credit,1
71.4,1.562,15682.15,10886.24,0.694,0,0,1666.51,micro_credit,0
68.0,1.712,18683.8,8557.14,0.458,0,0,13780.81,grant,0
83.5,1.272,9988.48,5398.52,0.54,0,0,-5000.0,cash,0
84.2,1.443,10840.3,11969.99,1.104,0,1,-5000.0,cash,0
73.9,1.205,18507.62,5734.27,0.31,0,1,8475.87,bnpl,0
48.9,1.71,8525.83,9088.21,1.066,0,0,27357.63,grant,0
75.7,1.695,8000.0,5582.27,0.698,0,1,13929.74,bnpl,0
67.0,1.725,9547.56,13531.71,1.417,0,0,-5000.0,grant,0
122.2,1.504,13546.92,7632.34,0.563,0,0,17544.18,grant,0
42.4,1.677,8432.19,12284.02,1.457,1,0,24563.53,cash,1
44.2,1.358,12158.65,38331.29,3.153,0,0,9514.52,cash,1
89.8,1.52,23718.5,4624.06,0.195,1,0,13703.18,bnpl,0
34.4,0.848,11314.7,13052.35,1.154,0,0,6872.94,grant,1
72.3,2.418,8811.57,16003.59,1.816,0,0,311.43,cash,0
82.4,1.483,8227.74,32872.58,3.995,0,0,33189.33,micro_credit,0
78.4,0.905,8413.1,53458.73,6.354,0,0,7848.09,bnpl,1
102.6,1.954,10921.99,7608.32,0.697,1,0,-5000.0,cash,0
92.1,1.322,10713.58,6079.02,0.567,0,0,7225.72,cash,0
75.8,1.625,8000.0,23348.8,2.919,0,0,1255.89,bnpl,0
33.1,1.519,10051.42,13204.65,1.314,1,0,36518.38,micro_credit,1
69.1,1.517,8000.0,18983.1,2.373,1,0,15317.56,cash,0
64.5,1.017,18958.08,6153.5,0.325,1,0,1357.0,micro_credit,0
84.0,1.215,8000.0,3758.7,0.47,0,0,24977.95,grant,0
61.4,2.37,8000.0,7282.3,0.91,1,0,1822.93,micro_credit,0
81.1,1.418,13037.04,7057.01,0.541,0,1,-5000.0,micro_credit,0
30.0,0.927,8000.0,10244.14,1.281,0,0,634.13,cash,1
106.1,1.894,8512.91,4506.8,0.529,1,0,1799.31,grant,0
60.0,1.366,8000.0,8438.8,1.055,0,0,5042.25,cash,0
59.1,1.608,11639.57,7325.71,0.629,1,0,34879.18,micro_credit,0
50.5,1.097,11746.96,7711.17,0.656,0,0,17783.25,grant,0
15.0,1.94,13393.6,5296.16,0.395,1,0,-5000.0,cash,0
116.8,1.344,8000.0,3476.12,0.435,0,1,5685.99,micro_credit,0
69.3,1.75,8000.0,5238.77,0.655,0,0,20117.33,micro_credit,0
100.2,1.11,16101.72,12340.58,0.766,0,0,31652.5,bnpl,0
73.2,0.844,9242.93,21656.89,2.343,0,0,-4087.43,bnpl,1
65.3,1.501,8000.0,30310.25,3.789,0,0,-4224.76,bnpl,0
87.6,1.526,17429.66,15113.31,0.867,1,0,7771.36,grant,0
52.7,1.773,8000.0,17244.35,2.156,0,1,-5000.0,micro_credit,0
106.3,1.595,13224.89,12645.97,0.956,0,0,-5000.0,micro_credit,0
53.5,1.738,10667.91,23145.24,2.17,1,0,19258.94,bnpl,0
50.8,1.327,10366.27,3385.56,0.327,0,0,42121.95,grant,0
86.0,1.894,8000.0,23968.86,2.996,0,0,52166.98,grant,0
42.0,1.766,9902.07,5169.66,0.522,0,0,20871.91,micro_credit,0
95.8,1.382,16725.04,4833.28,0.289,0,0,-5000.0,micro_credit,0
78.4,1.557,8000.0,18869.02,2.359,1,0,21556.1,grant,0
96.5,1.516,12979.95,9460.61,0.729,1,0,48968.74,micro_credit,0
54.7,2.139,10053.74,5672.98,0.564,0,0,36625.43,grant,0
78.1,1.788,17166.84,14557.7,0.848,1,0,1339.66,grant,0
99.4,1.55,13475.6,3697.63,0.274,0,0,20045.67,bnpl,0
59.0,2.013,13100.29,13793.07,1.053,0,0,20753.58,bnpl,0
50.0,2.005,24248.66,15004.45,0.619,0,0,40627.26,cash,0
60.8,1.327,10081.08,15355.32,1.523,0,0,4908.24,grant,0
88.4,1.636,8000.0,16080.07,2.01,0,0,27543.51,micro_credit,0
79.3,1.873,8000.0,15636.65,1.955,1,0,-5000.0,bnpl,0
47.1,1.373,8000.0,8942.78,1.118,1,0,8145.29,grant,0
95.9,1.46,8000.0,22630.13,2.829,0,0,-3067.62,grant,0
73.5,1.675,10827.29,22066.12,2.038,1,1,20622.06,bnpl,0
53.5,2.16,10801.61,11147.41,1.032,1,0,29350.66,cash,0
81.2,1.662,30378.27,10390.87,0.342,1,1,6280.3,bnpl,0
77.9,1.85,8000.0,4100.83,0.513,0,0,1431.93,bnpl,0
34.2,1.431,12408.35,7406.31,0.597,1,0,-5000.0,bnpl,0
76.7,1.792,8000.0,18979.75,2.372,0,0,26711.51,grant,0
98.9,1.891,26659.64,9938.28,0.373,0,0,13972.29,micro_credit,0
64.6,1.551,19727.98,5768.93,0.292,1,1,-3498.89,micro_credit,0
109.4,1.836,8405.07,19339.81,2.301,0,0,18141.89,grant,0
112.5,1.571,15701.86,51694.49,3.292,0,0,22765.78,grant,0
76.2,1.752,8396.95,44953.43,5.354,0,1,15241.28,bnpl,0
68.2,1.316,16215.93,19476.29,1.201,0,0,3047.62,micro_credit,0
89.4,1.128,10756.19,15506.52,1.442,1,0,42731.94,bnpl,0
55.7,1.192,8000.0,5795.79,0.724,0,1,36059.83,grant,0
113.7,1.64,17147.07,13012.65,0.759,0,0,10287.99,cash,0
66.7,1.463,8000.0,13979.4,1.747,0,0,11273.99,cash,0
93.6,1.576,9198.39,7486.4,0.814,0,1,13298.76,micro_credit,0
93.5,1.23,10294.48,13741.47,1.335,0,0,-925.17,grant,0
60.3,1.615,8000.0,14653.85,1.832,0,0,-4116.38,micro_credit,0
101.6,2.205,8000.0,16216.98,2.027,1,1,-1081.35,grant,0
101.0,1.196,12286.59,7479.01,0.609,0,0,8274.28,micro_credit,0
49.2,1.78,8000.0,16376.13,2.047,0,1,5806.24,micro_credit,0
72.1,1.591,8000.0,13571.16,1.696,0,0,39546.02,cash,0
55.5,1.878,19421.65,7716.49,0.397,0,0,-5000.0,cash,0
82.5,1.397,22945.37,12322.03,0.537,1,0,-2439.59,cash,0
46.3,1.855,8000.0,12383.32,1.548,1,1,29204.45,cash,0
62.9,1.537,9823.61,17603.07,1.792,0,0,22633.4,bnpl,0
69.5,1.568,8372.43,5363.18,0.641,0,0,16636.82,bnpl,0
122.3,1.303,8000.0,7488.32,0.936,0,0,25042.65,bnpl,0
86.2,1.506,8000.0,12718.43,1.59,1,0,-5000.0,bnpl,0
78.6,1.794,8000.0,5203.65,0.65,0,0,40429.88,grant,0
59.7,1.868,9234.49,11058.17,1.197,1,0,19891.43,micro_credit,0
52.9,1.587,8335.92,5847.26,0.701,1,0,18074.68,cash,0
68.4,1.506,8000.0,29006.35,3.626,1,0,27780.86,cash,0
99.1,1.464,8000.0,35387.17,4.423,0,0,10900.24,micro_credit,0
56.3,1.667,16734.11,11936.09,0.713,0,0,35014.35,cash,0
102.1,1.249,8000.0,20468.56,2.559,0,0,-5000.0,cash,1
71.3,1.149,8000.0,10256.32,1.282,0,0,5551.6,grant,0
61.2,1.243,27760.24,33762.44,1.216,0,1,-5000.0,micro_credit,1
114.6,1.438,10489.55,11674.93,1.113,0,0,124.52,grant,0
99.6,1.585,8000.0,5898.63,0.737,1,0,-4084.71,bnpl,0
34.0,1.553,8000.0,10445.66,1.306,0,1,36661.83,grant,1
105.0,1.541,9516.78,33993.72,3.572,0,0,21373.61,grant,0
66.8,1.151,11816.39,19074.89,1.614,0,0,630.27,bnpl,0
82.3,1.448,9110.52,3076.96,0.338,0,0,8007.93,cash,0
99.2,1.373,10133.85,7976.28,0.787,0,0,18487.95,cash,0
69.6,1.287,18027.4,20149.05,1.118,0,0,1111.68,micro_credit,1
87.4,1.7,13214.04,4760.74,0.36,0,0,30118.92,bnpl,0
60.8,1.45,32436.73,14271.65,0.44,0,1,5046.2,cash,0
19.9,1.939,8000.0,6961.21,0.87,0,1,6035.66,cash,0
110.4,1.767,9218.55,14322.12,1.554,0,0,1193.06,cash,0
78.5,1.571,15305.18,20577.39,1.344,1,0,20891.59,micro_credit,0
65.9,1.758,9495.89,6667.15,0.702,0,0,4740.82,cash,0
77.1,1.805,9112.59,6216.37,0.682,1,0,13021.35,cash,0
77.8,1.602,14972.08,21171.43,1.414,0,0,1304.2,cash,0
59.6,1.259,13554.41,26818.6,1.979,0,0,6328.53,cash,1
69.0,1.961,12425.44,15366.26,1.237,0,0,-5000.0,bnpl,0
92.0,1.29,8000.0,9989.36,1.249,0,0,1455.73,cash,0
69.5,1.147,15236.78,22476.54,1.475,0,0,-5000.0,micro_credit,1
99.5,1.323,14554.26,11641.77,0.8,0,1,12517.96,bnpl,0
70.4,1.889,8000.0,16887.22,2.111,1,0,31823.94,bnpl,0
92.9,2.201,8000.0,20465.95,2.558,0,0,10090.37,cash,0
105.8,1.548,8312.0,24793.57,2.983,1,0,3151.89,micro_credit,0
39.7,1.405,13076.41,25994.01,1.988,0,1,14000.33,grant,1
108.0,1.17,8107.39,10314.27,1.272,1,0,9937.93,bnpl,0
77.1,1.743,8101.76,13048.99,1.611,0,1,11187.79,micro_credit,0
51.9,1.518,9277.55,11039.18,1.19,1,0,12571.67,micro_credit,0
76.9,1.429,17548.46,6353.66,0.362,1,0,-977.46,cash,0
144.5,1.259,8000.0,18105.34,2.263,0,0,-5000.0,micro_credit,0
69.1,2.151,8000.0,4063.99,0.508,1,0,-5000.0,bnpl,0
97.5,1.865,8000.0,17601.98,2.2,0,0,37024.6,cash,0
119.7,1.481,8000.0,7696.47,0.962,0,1,4317.52,cash,0
68.5,1.497,16374.86,24365.8,1.488,1,0,8909.87,micro_credit,0
102.5,1.65,10188.63,19902.47,1.953,0,0,13300.54,micro_credit,0
126.4,1.147,8000.0,11275.81,1.409,1,0,19910.15,cash,0
106.7,1.543,8000.0,19213.77,2.402,1,0,25589.26,bnpl,0
26.5,1.549,8000.0,8387.03,1.048,0,0,-4250.56,micro_credit,1
95.2,1.583,8000.0,19614.73,2.452,0,0,-5000.0,cash,0
83.3,1.322,8395.45,15952.15,1.9,0,0,21386.09,bnpl,0
108.4,1.527,11360.56,9501.88,0.836,0,0,15275.82,micro_credit,0
86.0,1.522,8000.0,14505.87,1.813,0,0,18562.11,cash,0
58.0,1.19,19228.44,15840.02,0.824,0,0,7876.54,bnpl,0
46.6,1.32,17785.98,13039.18,0.733,0,0,2089.43,micro_credit,0
87.7,1.322,19445.66,25439.04,1.308,0,0,3601.67,grant,0
59.3,0.817,8000.0,5786.55,0.723,0,0,14433.43,cash,0
66.8,1.173,8720.89,15961.51,1.83,0,0,21501.11,bnpl,0
27.5,1.514,8000.0,19849.83,2.481,0,0,26114.64,grant,1
52.5,1.336,8041.97,3501.56,0.435,0,0,18047.43,cash,0
68.2,1.822,8000.0,8599.7,1.075,0,0,-5000.0,cash,0
49.9,1.219,15493.69,8233.41,0.531,0,0,14235.16,bnpl,0
65.5,1.195,9175.25,16806.26,1.832,0,0,-5000.0,grant,0
95.2,1.312,8000.0,16185.58,2.023,1,0,58.15,micro_credit,0
75.9,1.462,10490.4,3263.62,0.311,0,0,-5000.0,bnpl,0
90.4,1.84,8000.0,10570.1,1.321,0,0,17304.95,micro_credit,0
92.3,0.982,8000.0,10067.64,1.258,0,0,24656.52,micro_credit,0
137.5,1.486,8000.0,15081.85,1.885,0,0,35777.92,grant,0
77.7,1.296,15231.14,17412.61,1.143,1,0,-5000.0,grant,0
84.5,1.829,16845.7,11654.56,0.692,0,0,5554.57,cash,0
105.7,1.211,12056.52,5690.11,0.472,0,0,31176.77,bnpl,0
68.5,1.905,12346.6,6168.61,0.5,1,0,37643.3,bnpl,0
113.8,1.797,8000.0,10215.82,1.277,0,0,14617.69,grant,0
57.4,2.024,10561.25,2733.01,0.259,0,1,18108.4,cash,0
66.3,1.529,8384.34,18842.6,2.247,0,1,32154.38,bnpl,0
82.1,1.455,9714.73,12219.4,1.258,0,0,-2443.74,bnpl,0
89.5,1.679,19795.28,24111.46,1.218,0,0,-342.15,micro_credit,0
95.5,1.284,13536.83,9098.48,0.672,0,0,-5000.0,cash,0
82.0,0.801,8000.0,10964.08,1.371,0,0,13483.95,grant,0
65.8,1.108,8000.0,14990.4,1.874,1,0,22472.07,bnpl,0
74.6,1.874,11835.14,8013.63,0.677,0,0,6950.96,micro_credit,0
39.9,1.52,16324.87,17622.11,1.079,0,1,37236.17,bnpl,1
67.4,1.927,9072.59,27156.5,2.993,0,0,11606.58,cash,0
92.7,1.963,9072.09,13631.16,1.503,0,0,35199.54,cash,0
71.7,1.18,25961.06,9335.97,0.36,1,1,14857.61,grant,0
103.9,1.38,8000.0,13898.77,1.737,0,0,-5000.0,micro_credit,0
67.8,1.619,8765.0,5172.45,0.59,0,1,40695.2,micro_credit,0
77.6,1.951,8804.2,7450.18,0.846,0,1,16845.26,cash,0
69.6,1.22,19175.77,8584.82,0.448,0,0,-5000.0,micro_credit,0
108.2,1.409,8000.0,4578.09,0.572,0,0,43336.95,micro_credit,0
42.8,1.566,14923.3,15244.05,1.021,0,0,10926.22,micro_credit,1
32.5,1.323,10769.9,7840.47,0.728,1,0,15660.47,bnpl,0
92.0,1.82,8000.0,40463.49,5.058,0,0,25814.63,bnpl,0
75.0,1.855,28693.72,5479.14,0.191,0,0,7945.27,grant,0
15.5,1.604,11665.92,11830.79,1.014,0,0,218.4,micro_credit,1
23.8,1.655,19052.35,8733.66,0.458,0,0,19921.08,grant,0
35.8,1.678,8291.43,7947.96,0.959,0,0,-1686.55,cash,0
65.2,1.657,8000.0,9716.56,1.215,0,0,11253.51,micro_credit,0
47.5,2.053,8000.0,8364.98,1.046,1,0,-5000.0,grant,0
120.0,1.705,8000.0,22212.88,2.777,0,0,15612.58,grant,0
81.4,1.454,8000.0,14556.19,1.82,0,0,2188.43,cash,0
120.4,1.195,19757.15,11370.47,0.576,0,0,17383.54,bnpl,0
95.8,1.374,14601.97,2726.71,0.187,0,0,-959.81,cash,0
51.9,1.199,8984.63,14945.45,1.663,0,0,24647.88,micro_credit,0
81.0,1.364,11684.96,12943.61,1.108,0,0,28849.01,bnpl,0
94.4,1.559,8000.0,8441.18,1.055,0,0,2103.79,bnpl,0
67.1,1.625,13654.56,11753.25,0.861,0,0,12290.25,micro_credit,0
78.6,1.406,8000.0,4603.21,0.575,0,1,-512.69,bnpl,0
86.8,1.353,8892.71,15623.59,1.757,0,0,21372.41,cash,0
48.0,1.829,16437.29,6493.67,0.395,0,1,-2829.06,cash,0
104.8,1.509,8000.0,5598.06,0.7,1,0,7511.35,bnpl,0
45.9,1.434,10042.47,27017.5,2.69,1,0,6771.83,grant,0
101.8,1.95,18872.09,14137.91,0.749,0,0,-5000.0,micro_credit,0
86.5,1.844,9542.59,31556.07,3.307,0,0,27477.0,grant,0
89.2,1.854,11499.01,3068.53,0.267,0,0,3015.5,micro_credit,0
104.9,1.324,8950.26,6804.5,0.76,0,0,44110.61,cash,0
117.0,1.303,10575.38,8314.27,0.786,0,0,23069.0,cash,0
87.7,1.777,11491.5,60747.03,5.286,0,0,-5000.0,grant,0
32.2,1.44,8000.0,5319.56,0.665,1,1,-5000.0,grant,0
51.9,1.283,12496.43,9150.79,0.732,0,0,8768.74,grant,0
97.4,1.335,8786.35,14782.04,1.682,0,0,-5000.0,bnpl,0
15.4,1.647,12349.94,37621.13,3.046,0,0,14845.71,micro_credit,1
95.5,1.495,11313.5,30242.13,2.673,1,0,-5000.0,grant,0
85.3,2.148,11236.42,29965.89,2.667,0,1,674.18,cash,0
74.2,1.559,8000.0,6358.21,0.795,0,0,-5000.0,cash,0
95.6,1.794,11450.82,19020.2,1.661,1,0,9045.31,grant,0
105.0,1.552,10158.22,10445.47,1.028,0,0,24320.11,micro_credit,0
64.5,1.823,8000.0,6605.09,0.826,0,0,24373.68,grant,0
72.8,1.423,14772.55,8655.98,0.586,0,0,8396.38,grant,0
110.0,1.981,20082.0,10350.92,0.515,0,0,34152.65,grant,0
51.3,1.296,8000.0,30335.61,3.792,0,0,-3551.64,grant,1
71.8,1.295,13532.16,9832.04,0.727,1,0,-5000.0,grant,0
86.0,1.149,8000.0,3794.13,0.474,0,0,-5000.0,micro_credit,0
79.5,1.0,8000.0,12072.64,1.509,0,0,2215.08,bnpl,0
124.8,2.063,8000.0,16422.8,2.053,1,1,25487.09,micro_credit,0
60.1,1.131,9842.51,10992.13,1.117,0,0,4156.24,grant,0
86.1,1.34,8000.0,12835.83,1.604,0,0,18947.46,micro_credit,0
45.6,1.81,8000.0,8795.87,1.099,1,0,7355.85,bnpl,0
59.1,1.392,22970.9,7570.5,0.33,0,0,55941.99,micro_credit,0
85.9,1.576,12262.59,48603.96,3.964,0,0,-5000.0,bnpl,0
47.0,1.339,10041.33,4678.94,0.466,1,0,12402.11,cash,0
117.3,1.592,8675.79,8604.25,0.992,0,0,28173.21,micro_credit,0
54.4,2.067,23623.85,13921.82,0.589,1,0,11792.73,bnpl,0
100.8,1.857,8000.0,9048.87,1.131,0,0,-5000.0,cash,0
85.2,1.737,8000.0,9411.06,1.176,0,0,-5000.0,grant,0
52.5,1.704,8000.0,10245.01,1.281,1,0,-5000.0,cash,0
79.7,1.538,8000.0,10894.81,1.362,1,1,15245.31,bnpl,0
54.6,1.137,22303.71,8533.03,0.383,0,0,10258.32,micro_credit,0
100.3,2.538,8000.0,15481.56,1.935,0,0,-735.94,micro_credit,0
61.5,1.348,8000.0,11816.94,1.477,0,0,-5000.0,micro_credit,0
98.7,1.565,11969.25,9354.35,0.782,0,0,5390.33,grant,0
82.2,1.224,8424.54,7534.23,0.894,0,0,-4030.24,grant,0
22.3,1.925,8000.0,22922.1,2.865,0,0,31238.26,cash,1
42.9,1.245,31326.71,31666.33,1.011,1,1,11432.67,grant,1
81.4,1.373,12022.78,8148.18,0.678,1,0,-5000.0,grant,0
42.0,1.556,8000.0,11649.25,1.456,0,0,-5000.0,cash,1
55.4,1.789,11063.05,12024.3,1.087,1,0,27821.35,cash,0
87.0,1.955,8047.07,9544.31,1.186,0,1,-5000.0,grant,0
64.3,1.82,17765.16,20499.75,1.154,1,1,-5000.0,micro_credit,0
102.1,1.035,14826.22,9874.57,0.666,1,0,24645.6,micro_credit,0
41.7,1.878,8000.0,8369.5,1.046,0,0,-5000.0,grant,1
31.1,1.576,22308.88,52407.13,2.349,0,0,13748.8,grant,1
102.9,1.615,12388.17,10014.79,0.808,0,1,15511.38,cash,0
88.4,1.388,9557.94,11706.08,1.225,0,0,26875.26,bnpl,0
48.3,1.536,23397.92,22930.73,0.98,0,0,36285.22,bnpl,0
75.6,1.64,15537.42,28513.72,1.835,0,0,-5000.0,bnpl,0
42.1,1.917,8737.68,8354.48,0.956,0,0,-5000.0,bnpl,0
61.1,1.157,25361.62,11940.13,0.471,0,0,10956.89,cash,0
89.7,1.819,15148.39,21818.03,1.44,0,0,644.78,bnpl,0
67.6,1.765,8000.0,12054.48,1.507,0,1,19177.75,cash,0
94.6,1.052,13651.92,10630.17,0.779,0,0,24734.24,grant,0
94.4,2.0,18197.77,25352.04,1.393,1,1,37986.07,micro_credit,0
82.3,1.559,14658.38,18081.5,1.234,0,1,6436.81,bnpl,0
85.1,1.54,8000.0,24581.6,3.073,0,0,12993.59,bnpl,0
126.2,1.095,8000.0,12307.34,1.538,0,0,32472.86,cash,0
85.0,1.637,8000.0,6397.63,0.8,1,0,17805.08,grant,0
40.9,1.401,12399.52,7042.52,0.568,0,0,40896.41,grant,0
105.6,1.11,8000.0,3438.61,0.43,1,0,-2086.64,cash,0
94.2,1.434,12177.66,5232.88,0.43,0,0,26363.55,grant,0
61.1,1.553,9492.02,6006.81,0.633,0,1,-5000.0,micro_credit,0
99.2,1.662,15875.34,14451.62,0.91,0,0,14573.83,cash,0
31.8,1.474,9775.92,35390.86,3.62,0,0,24365.22,cash,1
113.4,1.717,8000.0,12892.72,1.612,1,0,16252.03,micro_credit,0
51.5,1.442,9021.85,29234.09,3.24,0,0,-5000.0,cash,0
105.1,1.288,8000.0,23131.91,2.891,1,0,25174.17,cash,1
106.4,1.774,25007.48,16437.13,0.657,0,0,9183.41,grant,0
83.6,1.898,8000.0,8446.11,1.056,0,0,6438.72,bnpl,0
22.4,1.589,8000.0,12446.35,1.556,0,0,27575.22,cash,1
63.1,2.02,8000.0,23276.36,2.91,0,0,24152.47,micro_credit,0
32.1,2.309,9617.26,7460.55,0.776,0,0,-5000.0,micro_credit,0
69.5,1.514,10365.0,10262.09,0.99,0,0,23398.06,bnpl,0
65.3,1.008,9253.78,3287.52,0.355,0,0,18367.87,cash,0
50.5,1.596,17878.14,7173.78,0.401,1,0,31102.61,micro_credit,0
64.2,2.041,8397.43,7613.89,0.907,0,0,24370.29,bnpl,0
64.1,1.314,8000.0,11795.42,1.474,1,0,36159.24,grant,0
26.6,1.556,13111.0,13445.46,1.026,0,0,35577.57,bnpl,1
73.1,1.498,12920.21,12767.05,0.988,1,0,4972.64,micro_credit,0
87.9,1.367,8000.0,9041.71,1.13,0,0,36355.24,cash,0
15.0,1.661,10050.95,4795.92,0.477,0,0,17575.08,grant,0
86.9,1.715,8000.0,25629.88,3.204,1,1,-1279.26,micro_credit,0
92.2,1.758,8000.0,17383.09,2.173,0,1,5061.12,bnpl,0
23.2,1.877,8000.0,7555.48,0.944,1,1,4744.81,grant,0
81.8,1.534,12665.41,5786.49,0.457,0,0,-1362.95,cash,0
72.1,2.081,9403.0,21957.68,2.335,0,0,12693.99,cash,0
62.9,1.481,9174.76,16848.3,1.836,0,0,36743.0,micro_credit,0
84.0,1.882,8000.0,9623.4,1.203,0,0,-1037.45,cash,0
82.9,1.449,13744.55,7244.15,0.527,0,1,12774.56,grant,0
92.2,0.972,25712.54,10345.08,0.402,1,1,-5000.0,bnpl,0
79.0,1.559,9539.03,20850.96,2.186,0,0,25454.01,bnpl,0
82.4,1.676,9443.09,32097.07,3.399,1,0,-5000.0,grant,0
78.5,1.568,14270.88,7599.82,0.533,0,0,-5000.0,grant,0
78.9,1.629,19347.52,6010.73,0.311,1,0,32784.49,grant,0
134.2,1.444,8000.0,9664.01,1.208,0,1,12252.09,grant,0
89.1,1.384,19927.17,6548.6,0.329,0,0,-5000.0,cash,0
102.7,0.913,9028.5,67152.71,7.438,0,0,11783.22,cash,1
47.0,1.534,9673.44,13205.09,1.365,0,0,23920.73,cash,0
49.0,2.023,11051.28,18029.0,1.631,1,1,693.31,cash,0
107.2,1.478,11213.78,7235.77,0.645,0,0,-5000.0,micro_credit,0
92.2,1.426,8000.0,8486.65,1.061,1,0,24581.16,cash,0
59.3,1.517,9964.29,4211.01,0.423,1,1,-5000.0,bnpl,0
83.4,1.344,15923.1,20573.19,1.292,0,0,24945.04,bnpl,0
120.5,1.527,13253.23,8765.51,0.661,0,0,56142.66,cash,0
124.6,1.553,11777.71,25530.11,2.168,1,0,9351.49,micro_credit,0
58.6,1.795,10252.71,13368.37,1.304,0,0,-3016.88,grant,0
32.1,1.616,14871.96,10676.56,0.718,0,0,37855.73,micro_credit,0
57.4,1.255,9602.19,11551.54,1.203,0,0,25859.44,micro_credit,0
55.6,1.933,23983.29,11830.91,0.493,0,0,34494.79,cash,0
48.6,1.851,15855.54,19436.16,1.226,1,0,11719.86,cash,0
15.0,1.37,8000.0,7058.3,0.882,0,0,14200.37,micro_credit,0
64.5,1.319,8000.0,8155.66,1.019,0,0,32186.99,grant,0
58.5,1.406,8058.53,14566.02,1.808,0,0,20212.49,bnpl,0
15.0,1.836,18889.58,6784.51,0.359,0,1,-5000.0,grant,0
63.7,1.338,10946.41,4143.98,0.379,1,0,-5000.0,cash,0
113.5,1.29,17318.71,14697.55,0.849,0,0,-5000.0,grant,0
90.9,1.517,8062.99,13831.81,1.715,1,1,20543.4,bnpl,0
92.7,1.88,11892.48,5672.59,0.477,0,0,3474.38,grant,0
148.6,1.753,28743.86,26042.59,0.906,1,0,16352.44,bnpl,0
82.5,1.54,8000.0,12208.97,1.526,0,0,33792.14,bnpl,0
60.0,1.665,14519.04,7329.6,0.505,0,1,3876.55,grant,0
49.6,1.32,8000.0,7366.91,0.921,0,0,37550.2,micro_credit,0
52.1,1.585,8000.0,23118.22,2.89,0,0,35600.92,micro_credit,0
96.6,1.636,8919.75,6275.88,0.704,0,0,46983.52,bnpl,0
56.0,1.736,15943.47,8907.03,0.559,0,0,30684.23,cash,0
94.1,2.034,8012.79,5959.7,0.744,0,0,2901.18,bnpl,0
80.2,1.566,8291.22,4229.93,0.51,0,0,20468.69,bnpl,0
124.3,1.68,13018.3,16561.65,1.272,0,1,19146.84,bnpl,0
98.3,1.661,8598.09,7802.55,0.907,1,1,7518.47,grant,0
82.9,1.461,11400.96,15390.91,1.35,0,0,26997.23,micro_credit,0
107.1,1.572,8000.0,9998.52,1.25,0,0,12793.13,cash,0
29.1,1.939,10551.99,14909.35,1.413,0,1,36579.48,micro_credit,1
59.2,1.711,9419.72,10924.38,1.16,0,1,-1899.46,grant,0
116.6,1.445,13558.36,4310.23,0.318,0,0,33239.79,bnpl,0
101.3,1.577,8936.29,15063.05,1.686,1,0,53198.23,micro_credit,0
30.9,1.769,8000.0,11956.67,1.495,0,0,7538.16,micro_credit,1
64.3,1.547,8000.0,21291.2,2.661,0,0,-5000.0,micro_credit,0
88.5,1.459,8000.0,13511.69,1.689,0,0,-5000.0,cash,0
76.0,1.152,12180.27,7270.67,0.597,0,1,3882.11,cash,0
82.3,1.334,9642.31,5257.41,0.545,0,0,23355.76,cash,0
119.1,2.332,10311.61,18648.34,1.808,0,0,-5000.0,micro_credit,0
112.6,1.767,8000.0,23871.71,2.984,0,0,7419.43,bnpl,0
63.5,1.683,8000.0,21202.91,2.65,0,0,-5000.0,bnpl,0
48.7,1.295,13929.65,8610.81,0.618,1,0,-5000.0,grant,0
59.9,1.541,8000.0,6416.16,0.802,0,0,50003.33,bnpl,0
53.5,1.46,8389.56,9587.87,1.143,0,0,23184.24,bnpl,0
98.7,1.464,8000.0,24365.95,3.046,0,0,10283.86,micro_credit,0
118.3,0.921,10806.81,34725.64,3.213,0,0,5641.25,micro_credit,1
69.4,1.633,8000.0,10181.83,1.273,0,0,5919.33,micro_credit,0
59.3,1.894,12179.2,13875.02,1.139,1,0,26554.28,grant,0
68.4,1.333,8000.0,12100.24,1.513,0,0,-5000.0,grant,0
62.5,1.405,25746.41,2629.11,0.102,0,0,8766.85,cash,0
118.1,1.584,13891.58,12770.65,0.919,0,0,-12.0,cash,0
19.0,1.608,8000.0,7783.92,0.973,0,0,3018.23,bnpl,0
118.6,2.223,10913.37,9361.66,0.858,1,0,-5000.0,grant,0
86.7,2.049,8854.64,3266.75,0.369,0,0,24060.89,grant,0
99.6,1.106,10715.19,15493.48,1.446,1,0,10684.07,micro_credit,0
55.2,1.834,8254.21,5340.89,0.647,0,0,-5000.0,bnpl,0
106.5,1.723,10296.8,9488.62,0.922,0,0,2478.03,micro_credit,0
48.1,1.429,8000.0,8064.0,1.008,1,0,6403.12,cash,0
90.2,1.539,14153.47,25387.81,1.794,0,1,31047.06,bnpl,0
86.8,1.553,8000.0,18159.87,2.27,0,0,42235.45,micro_credit,0
83.6,2.087,8000.0,6407.41,0.801,1,0,27393.63,bnpl,0
81.6,1.918,9828.46,7499.66,0.763,0,0,8155.32,bnpl,0
36.7,1.234,15330.5,19536.37,1.274,0,0,18534.08,grant,1
32.0,1.45,8000.0,23088.58,2.886,0,0,1493.0,grant,1
47.9,1.558,8000.0,27338.72,3.417,0,0,-1226.6,grant,0
40.0,0.947,9760.96,8874.51,0.909,1,0,-5000.0,grant,0
104.7,1.737,9772.25,25600.81,2.62,0,0,23925.65,bnpl,0
54.4,1.259,14301.1,15032.98,1.051,1,0,15055.46,cash,0
53.8,1.72,8000.0,11428.98,1.429,1,1,38044.99,grant,0
58.5,1.11,8000.0,20886.63,2.611,0,0,16585.16,micro_credit,1
71.8,1.407,12313.01,7577.91,0.615,0,0,17501.98,cash,0
56.7,1.299,8000.0,9833.26,1.229,0,0,11121.06,cash,0
80.9,0.8,8000.0,9746.24,1.218,0,0,39091.12,cash,0
48.0,1.596,19394.87,5871.51,0.303,0,0,19091.55,grant,0
54.9,1.409,8000.0,8082.68,1.01,1,1,60994.42,cash,0
96.1,1.858,12349.82,4996.83,0.405,1,0,19109.24,bnpl,0
101.8,1.311,15281.48,17807.68,1.165,0,0,45336.72,bnpl,0
64.6,1.243,8410.76,26623.89,3.165,0,0,-5000.0,micro_credit,1
23.3,1.575,8109.85,12139.87,1.497,0,1,29015.61,cash,1
61.2,1.026,24835.19,6985.03,0.281,1,0,-5000.0,micro_credit,0
102.6,1.442,9618.8,15764.79,1.639,1,0,31504.5,micro_credit,0
66.7,1.976,8000.0,18359.14,2.295,0,0,-3111.5,micro_credit,0
109.3,1.59,8000.0,17405.87,2.176,0,0,28077.39,grant,0
91.0,1.262,8000.0,12061.33,1.508,0,0,11257.33,micro_credit,0
93.7,0.986,11503.97,10306.3,0.896,0,0,-3093.01,cash,0
56.4,1.49,8000.0,8219.71,1.027,1,0,-3764.67,bnpl,0
88.3,1.324,8983.98,28233.15,3.143,0,0,29898.33,micro_credit,0
97.6,1.41,12636.75,10629.16,0.841,0,0,8470.32,cash,0
85.2,1.383,19377.18,11069.27,0.571,0,0,23130.49,grant,0
111.4,1.839,8000.0,15439.63,1.93,0,0,27312.95,cash,0
97.3,1.238,8000.0,20889.61,2.611,0,0,-1711.69,grant,1
67.5,1.991,9686.52,8105.31,0.837,0,0,-3797.11,cash,0
83.3,1.177,8854.66,14519.92,1.64,0,0,35384.7,micro_credit,0
91.7,1.35,16819.41,10252.4,0.61,0,0,-5000.0,cash,0
70.7,1.953,10661.11,12171.92,1.142,0,0,41469.81,grant,0
39.2,1.19,8000.0,14838.14,1.855,0,0,14996.88,micro_credit,1
113.6,1.618,8251.33,12100.32,1.466,0,1,14118.73,bnpl,0
33.2,2.309,12505.73,13568.48,1.085,1,0,23072.95,bnpl,1
92.7,1.511,8000.0,16809.47,2.101,0,0,18942.8,cash,0
54.8,1.947,11293.79,18059.02,1.599,0,1,37054.58,grant,0
75.5,1.639,14250.0,8113.84,0.569,0,0,12972.93,grant,0
78.1,1.282,28083.47,5574.67,0.199,1,0,-5000.0,cash,0
107.9,1.75,8000.0,16882.1,2.11,1,0,38421.31,micro_credit,0
74.2,2.278,8000.0,17705.01,2.213,0,1,32997.51,bnpl,0
97.3,1.493,8684.55,15433.25,1.777,0,0,26683.58,bnpl,0
90.1,1.841,8000.0,10665.04,1.333,0,0,-4920.29,micro_credit,0
65.3,1.834,10389.93,50704.63,4.88,1,0,15481.31,grant,0
76.5,1.58,8000.0,11709.9,1.464,0,0,32300.18,bnpl,0
77.8,1.328,8000.0,9436.96,1.18,1,0,13329.54,grant,0
104.8,1.175,8570.47,13086.95,1.527,1,0,-5000.0,grant,0
54.2,1.36,8000.0,13433.94,1.679,1,1,9109.93,cash,0
61.1,1.67,21490.87,29779.96,1.386,1,1,-5000.0,micro_credit,0
89.4,1.5,10612.84,9710.32,0.915,0,0,14116.6,bnpl,0
78.8,1.388,8000.0,9444.78,1.181,1,0,16216.67,grant,0
90.0,1.789,8000.0,14130.83,1.766,0,0,29325.05,cash,0
104.1,1.534,8960.49,13428.28,1.499,0,0,-5000.0,micro_credit,0
70.2,1.758,13211.94,10418.65,0.789,0,0,15918.93,cash,0
54.4,1.747,9556.53,10386.13,1.087,1,0,5488.97,bnpl,0
73.4,1.425,13308.58,9726.35,0.731,0,0,40673.35,bnpl,0
111.6,1.3,10212.49,8451.84,0.828,1,0,6120.34,grant,0
125.1,1.464,11638.82,16280.55,1.399,0,0,-5000.0,bnpl,0
53.6,1.212,8000.0,2521.18,0.315,0,0,21802.48,grant,0
126.4,1.591,8000.0,8488.55,1.061,0,0,3740.22,grant,0
49.6,1.791,14251.49,6402.87,0.449,0,0,25051.46,cash,0
113.2,2.083,35930.63,7360.65,0.205,1,0,62835.97,micro_credit,0
66.1,1.384,11466.47,8776.79,0.765,0,0,19182.79,bnpl,0
42.0,1.483,17650.37,11714.89,0.664,0,0,14548.72,micro_credit,0
86.9,1.878,8000.0,16672.04,2.084,0,0,7173.5,micro_credit,0
79.2,1.847,8000.0,6926.05,0.866,0,0,-5000.0,micro_credit,0
61.3,1.923,9374.38,5784.47,0.617,1,0,3257.78,bnpl,0
37.8,1.235,11789.55,6338.32,0.538,0,0,32027.42,bnpl,0
73.2,1.574,8731.85,18491.5,2.118,0,0,26096.88,micro_credit,0
83.4,1.708,8996.22,16288.45,1.811,0,0,5918.2,micro_credit,0
75.1,1.473,8056.64,8274.95,1.027,0,0,20418.42,micro_credit,0
107.8,1.878,8000.0,24564.6,3.071,0,0,6273.15,micro_credit,0
90.0,1.296,10550.1,14364.97,1.362,1,0,-5000.0,micro_credit,0
90.2,1.927,9149.08,25542.33,2.792,1,0,8585.52,micro_credit,0
96.2,0.929,29391.18,27515.42,0.936,1,0,6876.74,bnpl,1
25.7,1.631,8000.0,15439.27,1.93,0,1,19408.18,bnpl,1
51.5,1.864,14221.48,20675.46,1.454,0,0,12159.44,cash,0
39.6,1.824,8763.34,5628.63,0.642,0,0,36336.71,bnpl,0
127.5,1.538,26150.0,12711.0,0.486,0,0,5151.79,cash,0
59.2,2.008,8000.0,18113.23,2.264,0,0,1935.05,cash,0
63.5,1.838,8341.38,9675.6,1.16,0,0,32390.48,grant,0
114.9,1.731,8000.0,9128.58,1.141,0,0,13438.47,bnpl,0
83.0,1.273,13702.96,12670.51,0.925,1,0,-5000.0,grant,0
51.8,1.409,9577.9,34170.0,3.568,0,0,16287.08,bnpl,0
54.0,1.612,8446.95,14452.42,1.711,0,0,22450.22,micro_credit,0
105.2,1.543,20692.62,19918.66,0.963,1,0,-733.91,micro_credit,0
130.2,1.642,8000.0,30004.49,3.751,0,0,49400.0,cash,0
74.2,1.409,9158.44,17909.78,1.956,0,1,35001.42,cash,0
89.3,1.578,19420.9,10177.55,0.524,0,0,30556.55,grant,0
67.8,1.671,9404.06,11722.69,1.247,1,0,5207.04,cash,0
108.6,1.345,8000.0,38814.39,4.852,1,0,29601.26,cash,0
15.4,1.392,8000.0,7166.12,0.896,1,0,-5000.0,grant,0
71.6,1.23,10167.56,4945.25,0.486,1,1,13492.41,bnpl,0
64.6,1.971,18678.17,18619.04,0.997,1,0,6120.95,grant,0
124.6,1.115,8000.0,11543.98,1.443,0,0,52572.69,micro_credit,0
69.9,1.499,8000.0,20338.3,2.542,1,0,29157.17,micro_credit,0
94.7,1.374,8000.0,5935.95,0.742,0,0,13509.71,bnpl,0
48.0,1.22,8179.11,9236.92,1.129,0,0,2316.39,bnpl,0
86.7,1.572,8693.49,13368.51,1.538,0,0,-5000.0,cash,0
77.6,1.592,8000.0,20902.66,2.613,0,0,-3865.81,cash,0
77.3,1.876,15011.24,12318.82,0.821,0,0,5475.02,bnpl,0
98.7,1.739,8000.0,7807.25,0.976,0,0,-5000.0,micro_credit,0
78.9,1.527,16502.81,14727.63,0.892,0,0,36016.13,micro_credit,0
57.6,1.869,8000.0,18539.85,2.317,1,0,-5000.0,bnpl,0
80.9,0.994,8776.11,15401.11,1.755,0,0,2622.57,grant,0
48.7,1.787,9446.9,9234.82,0.978,0,0,12754.13,bnpl,0
140.9,1.873,16699.9,15360.44,0.92,0,0,14996.73,micro_credit,0
15.1,1.36,8000.0,4310.5,0.539,0,0,-5000.0,bnpl,0
25.5,1.539,14306.15,22219.51,1.553,1,0,19466.12,bnpl,1
50.9,1.009,8000.0,6015.29,0.752,0,0,-3999.47,micro_credit,0
71.0,1.266,11528.06,10638.66,0.923,0,0,12189.82,cash,0
103.5,1.22,11949.17,11995.83,1.004,1,0,5997.25,bnpl,0
97.1,1.796,8000.0,10935.96,1.367,0,0,17061.81,grant,0
68.2,1.714,11232.16,33120.53,2.949,0,0,-5000.0,cash,0
71.9,1.296,12988.87,4966.92,0.382,0,0,18233.63,bnpl,0
59.2,1.344,8000.0,9360.07,1.17,1,1,31521.01,bnpl,0
74.4,1.726,20933.14,13975.56,0.668,0,0,1941.61,bnpl,0
86.7,1.398,8000.0,5239.91,0.655,0,1,28672.63,cash,0
65.3,1.601,8000.0,15363.83,1.92,1,0,-1714.94,cash,0
71.5,1.796,14126.98,11942.8,0.845,1,0,-5000.0,bnpl,0
149.8,2.039,13700.72,7988.34,0.583,0,0,9955.34,bnpl,0
61.4,1.904,11138.09,7853.46,0.705,0,0,3526.41,bnpl,0
103.0,1.998,19687.7,18331.34,0.931,0,0,7452.75,cash,0
15.0,1.633,9888.99,13055.83,1.32,0,0,12970.15,micro_credit,1
41.8,1.706,13154.21,17593.53,1.337,0,0,29038.39,bnpl,1
90.1,1.435,9586.62,12709.67,1.326,0,0,13938.59,grant,0
100.0,1.73,25205.17,40682.69,1.614,1,1,13433.69,bnpl,0
15.0,1.896,8000.0,7779.01,0.972,0,0,4827.99,grant,0
63.8,1.721,8000.0,6682.54,0.835,0,0,18176.85,cash,0
90.6,1.73,8000.0,7058.26,0.882,0,0,2880.57,grant,0
81.0,1.966,8000.0,10706.42,1.338,1,0,-5000.0,bnpl,0
33.7,1.821,12645.81,15478.21,1.224,1,0,28578.47,micro_credit,1
63.0,1.429,26465.01,10555.33,0.399,0,0,25232.38,grant,0
75.2,1.032,8000.0,8791.66,1.099,1,0,31009.82,micro_credit,0
94.7,1.806,8000.0,29399.41,3.675,0,0,-5000.0,grant,0
80.3,1.547,9152.27,25241.02,2.758,1,0,-691.99,bnpl,0
41.3,1.556,8267.42,77463.38,9.37,0,0,24177.13,grant,1
64.8,1.254,8000.0,6878.32,0.86,0,0,14068.95,bnpl,0
110.7,1.864,10971.9,10119.89,0.922,0,0,16838.62,cash,0
62.0,2.031,9089.4,11527.77,1.268,0,0,-5000.0,micro_credit,0
70.1,1.784,8000.0,7999.26,1.0,0,0,26268.8,grant,0
38.1,1.846,8000.0,9762.34,1.22,1,0,-5000.0,bnpl,1
84.5,2.239,14068.22,7514.9,0.534,0,0,32441.17,grant,0
67.1,1.935,14228.53,2395.32,0.168,0,0,-5000.0,grant,0
98.6,1.592,8000.0,8531.55,1.066,1,0,-5000.0,micro_credit,0
72.8,2.169,14217.37,40325.1,2.836,0,0,27883.15,cash,0
100.7,2.103,11728.4,10905.53,0.93,1,0,30587.84,micro_credit,0
111.3,1.416,8000.0,13047.75,1.631,1,0,26966.98,bnpl,0
95.0,1.151,23393.72,8496.07,0.363,1,0,7228.83,micro_credit,0
52.4,2.306,11036.15,7570.12,0.686,1,1,27550.62,grant,0
94.2,1.497,14447.45,7677.81,0.531,0,0,3127.47,micro_credit,0
24.7,1.179,22324.36,29815.56,1.336,0,0,13184.2,grant,1
116.6,1.505,8870.31,12470.0,1.406,1,1,9751.41,micro_credit,0
69.6,1.87,10588.89,17887.63,1.689,0,1,30564.85,grant,0
84.7,1.278,8000.0,13119.16,1.64,0,0,8917.39,bnpl,0
77.2,1.546,31653.63,5816.04,0.184,0,0,-5000.0,cash,0
83.3,1.445,11409.83,16666.16,1.461,1,0,35113.88,grant,0
37.3,1.394,12003.37,18467.26,1.539,0,0,51482.09,cash,1
98.9,1.534,8000.0,8863.0,1.108,0,1,1331.35,grant,0
91.4,1.622,8000.0,9511.47,1.189,0,1,27795.86,grant,0
83.8,1.709,11758.3,29570.63,2.515,1,0,16248.78,micro_credit,0
65.3,1.294,11073.66,3157.74,0.285,0,0,8682.8,grant,0
69.9,1.168,8000.0,18869.68,2.359,0,0,16152.81,grant,0
77.5,1.636,10318.38,23946.43,2.321,0,0,14221.73,grant,0
38.5,2.006,11691.92,8742.14,0.748,0,1,-5000.0,micro_credit,0
84.9,1.517,20097.81,9994.11,0.497,0,0,-3072.85,cash,0
97.4,1.809,10677.49,17535.74,1.642,1,1,11321.63,cash,0
80.8,1.876,13113.44,11013.74,0.84,0,0,36342.53,grant,0
15.9,2.125,8000.0,8562.08,1.07,0,0,11263.48,micro_credit,1
71.3,1.832,8000.0,13952.61,1.744,0,0,1592.18,micro_credit,0
82.4,1.532,10319.81,8933.3,0.866,0,0,2818.85,cash,0
82.2,1.814,8000.0,7496.4,0.937,0,0,23042.28,micro_credit,0
74.2,1.783,8000.0,4542.84,0.568,0,0,2405.93,bnpl,0
55.8,1.528,8000.0,18170.58,2.271,1,0,6813.3,cash,0
78.8,1.594,10804.63,11929.02,1.104,0,0,21190.81,micro_credit,0
55.1,1.942,8897.79,5876.1,0.66,0,0,15385.32,grant,0
53.7,1.736,26750.88,7843.07,0.293,0,0,17982.7,bnpl,0
31.1,1.677,8000.0,8572.73,1.072,1,1,-5000.0,cash,1
93.3,1.832,10001.83,7514.32,0.751,0,0,40611.41,bnpl,0
56.2,0.945,12164.47,6583.84,0.541,0,0,29794.96,cash,0
65.5,1.719,18595.5,6217.53,0.334,0,0,1813.13,micro_credit,0
73.1,1.981,8000.0,8716.94,1.09,0,0,20606.53,cash,0
60.6,1.593,8000.0,40858.96,5.107,1,0,-5000.0,micro_credit,0
67.0,1.541,23405.11,5833.28,0.249,0,0,47706.67,bnpl,0
93.9,1.667,8000.0,16549.77,2.069,0,0,-1022.76,bnpl,0
106.7,1.278,9405.77,8907.06,0.947,0,0,-5000.0,bnpl,0
93.5,1.7,17052.54,4541.75,0.266,1,0,31155.07,grant,0
137.6,1.424,23221.11,10459.45,0.45,0,0,-5000.0,micro_credit,0
67.4,1.843,8000.0,8689.01,1.086,0,0,22683.71,micro_credit,0
75.1,1.714,11015.11,15737.38,1.429,1,0,4218.58,grant,0
80.8,1.29,17673.03,8528.33,0.483,0,0,32319.25,micro_credit,0
69.2,1.607,8000.0,6913.3,0.864,1,0,-5000.0,micro_credit,0
48.6,1.459,10887.23,21072.17,1.935,0,0,3976.37,cash,0
53.0,1.146,12283.7,25867.87,2.106,0,0,34793.94,bnpl,1
92.7,1.729,21246.14,14510.75,0.683,0,0,23630.33,grant,0
67.0,1.169,8000.0,12027.64,1.503,0,0,13094.14,grant,0
123.2,1.573,16822.62,9515.79,0.566,0,0,6389.83,cash,0
41.8,1.342,12545.81,12138.75,0.968,0,0,28972.9,bnpl,0
79.5,1.451,26022.94,11479.9,0.441,0,0,32934.02,cash,0
65.0,1.749,15027.05,13557.17,0.902,1,0,-5000.0,bnpl,0
75.5,1.895,12548.62,15447.64,1.231,0,0,-5000.0,grant,0
57.0,1.665,11904.51,23577.94,1.981,0,0,9392.4,cash,0
85.1,1.555,8000.0,3495.79,0.437,0,0,19758.17,micro_credit,0
79.3,1.377,8000.0,17091.85,2.136,1,0,7213.44,cash,0
88.9,2.072,8000.0,8227.35,1.028,0,0,8231.24,micro_credit,0
111.4,1.092,23650.45,13026.24,0.551,0,1,10271.99,bnpl,0
70.0,1.428,15861.54,6716.44,0.423,0,0,18217.46,micro_credit,0
65.4,1.337,31687.86,15221.71,0.48,0,0,23038.78,cash,0
103.4,1.152,21775.3,3041.4,0.14,0,0,-1837.8,cash,0
63.5,1.713,10920.79,11028.65,1.01,1,0,11784.05,cash,0
50.5,1.131,13724.4,17703.87,1.29,1,0,40520.9,cash,0
55.2,1.744,8710.91,23266.3,2.671,0,0,30395.33,grant,0
80.3,1.455,15251.29,17253.97,1.131,1,0,-319.93,bnpl,0
41.8,1.469,19573.58,22710.17,1.16,0,0,-5000.0,bnpl,1
45.8,1.907,8000.0,15996.3,2.0,1,1,910.72,cash,0
115.4,1.334,16556.15,13382.09,0.808,0,0,16539.51,bnpl,0
25.7,0.933,8961.97,13846.65,1.545,0,0,-5000.0,bnpl,1
47.8,1.707,12749.97,11206.42,0.879,1,0,26043.63,cash,0
45.6,1.45,20775.82,12551.27,0.604,0,0,14273.63,grant,0
132.6,1.158,14163.08,30187.78,2.131,0,0,6152.56,bnpl,1
96.5,1.275,8000.0,14939.02,1.867,0,0,26374.2,grant,0
103.0,1.989,9601.25,23306.47,2.427,1,0,5838.51,cash,0
97.6,1.608,12095.09,15259.07,1.262,0,0,-5000.0,grant,0
46.9,1.579,8000.0,19094.7,2.387,0,0,27688.01,grant,0
83.2,1.236,18417.61,37066.39,2.013,0,0,14647.38,micro_credit,1
87.8,1.606,12564.95,11319.05,0.901,1,0,11377.84,cash,0
97.6,2.207,8000.0,11417.51,1.427,1,0,-5000.0,grant,0
114.8,1.385,8000.0,17171.44,2.146,0,0,43397.6,cash,0
91.6,1.607,11897.86,26322.05,2.212,0,0,-3735.59,bnpl,0
72.2,1.423,8000.0,10090.94,1.261,0,0,31938.98,cash,0
89.2,1.73,10571.47,16120.19,1.525,0,0,-2410.63,micro_credit,0
67.3,1.604,11213.59,14416.13,1.286,0,0,9509.96,grant,0
65.6,2.434,14884.18,15172.37,1.019,0,0,7802.25,cash,0
63.7,1.513,11291.13,4297.38,0.381,0,0,-5000.0,grant,0
59.1,1.608,8886.84,27254.3,3.067,0,1,-5000.0,bnpl,0
56.2,1.976,10498.67,19666.33,1.873,1,0,48922.44,micro_credit,0
57.7,1.522,8755.24,4125.63,0.471,0,0,6412.86,bnpl,0
97.0,1.701,13076.7,9832.71,0.752,0,0,190.25,grant,0
106.7,1.411,11297.5,13224.6,1.171,0,0,38310.91,bnpl,0
99.3,1.187,8000.0,16620.64,2.078,0,1,10841.92,bnpl,0
63.6,1.834,10768.24,12442.23,1.155,0,0,26036.92,cash,0
65.6,1.989,8000.0,17349.36,2.169,0,0,37808.99,bnpl,0
40.6,1.454,16547.55,22844.93,1.381,0,1,8913.08,cash,1
56.6,1.818,16858.28,6370.51,0.378,0,0,-5000.0,grant,0
80.6,1.726,8650.9,17564.09,2.03,0,1,-782.46,bnpl,0
22.1,1.431,10182.79,10386.77,1.02,0,1,-5000.0,cash,1
29.6,1.406,14823.15,24122.7,1.627,0,1,33378.84,grant,1
54.6,1.227,12375.64,17142.31,1.385,0,0,19203.05,cash,0
24.6,1.307,9765.78,15803.24,1.618,0,0,25811.53,grant,1
78.6,1.643,10282.4,17625.3,1.714,0,0,17631.58,grant,0
76.6,1.475,10265.88,15780.42,1.537,0,0,16814.56,cash,0
84.5,1.926,11151.44,8459.55,0.759,1,0,27904.92,bnpl,0
40.8,1.247,11511.84,16058.89,1.395,0,0,-5000.0,micro_credit,1
65.4,1.38,8000.0,20312.24,2.539,1,0,24717.1,grant,0
74.5,1.397,8000.0,26399.54,3.3,0,1,22658.05,bnpl,0
57.3,1.751,9589.26,10322.59,1.076,0,0,19833.81,bnpl,0
56.5,1.454,10453.14,9184.77,0.879,0,1,24043.53,cash,0
121.7,1.339,8000.0,4020.02,0.503,0,0,9291.57,micro_credit,0
58.4,1.608,10505.65,5005.19,0.476,0,0,-5000.0,bnpl,0
82.4,1.588,8171.29,4858.92,0.595,0,0,20485.04,micro_credit,0
106.8,1.628,8000.0,12388.25,1.549,0,0,-5000.0,bnpl,0
101.4,1.573,8000.0,10245.86,1.281,1,0,20339.43,grant,0
66.7,1.473,8000.0,16507.95,2.063,0,1,327.55,bnpl,0
21.1,1.446,15390.68,9771.14,0.635,0,0,43283.73,grant,0
85.7,1.645,9341.49,11642.79,1.246,0,0,7258.37,cash,0
67.4,1.699,8000.0,6689.26,0.836,0,1,-5000.0,grant,0
126.1,1.698,11350.55,6757.22,0.595,1,0,23220.16,bnpl,0
72.1,1.61,8000.0,13202.32,1.65,0,0,4371.0,cash,0
55.9,1.756,8000.0,16491.94,2.061,1,0,24320.75,micro_credit,0
53.0,1.32,8952.06,14116.79,1.577,0,0,9248.61,bnpl,0
85.8,2.044,8000.0,4706.27,0.588,0,0,26866.62,cash,0
117.1,1.66,8000.0,11292.11,1.412,0,1,-5000.0,grant,0
91.1,1.172,8646.78,6957.77,0.805,0,1,14282.84,micro_credit,0
65.8,1.599,9997.17,7025.75,0.703,0,0,23283.79,grant,0
73.8,1.273,27130.58,15709.75,0.579,0,0,9241.31,micro_credit,0
110.4,2.066,9270.5,14633.5,1.579,0,0,-5000.0,bnpl,0
71.3,1.494,10755.5,14516.17,1.35,0,0,22076.91,cash,0
80.9,1.211,8000.0,8950.6,1.119,0,0,6919.67,grant,0
101.3,1.224,8426.72,20417.65,2.423,0,0,6602.21,bnpl,1
86.5,1.511,11109.46,10660.92,0.96,1,0,24007.18,bnpl,0
36.4,1.448,11310.17,16212.41,1.433,0,0,38873.15,grant,1
65.2,1.964,8000.0,25103.32,3.138,0,1,26714.41,micro_credit,0
52.2,1.636,9671.55,17052.83,1.763,0,0,7981.11,cash,0
67.3,1.933,9467.08,19044.47,2.012,1,1,7943.67,cash,0
116.7,1.36,8000.0,27958.72,3.495,0,0,3990.96,micro_credit,0
115.0,1.8,9231.78,4459.04,0.483,0,0,11652.27,bnpl,0
77.5,1.877,20227.56,8293.75,0.41,0,0,26421.27,micro_credit,0
94.1,1.851,12387.09,4153.17,0.335,0,0,9202.4,micro_credit,0
46.1,1.493,15382.75,14297.4,0.929,0,0,32665.64,bnpl,0
83.5,1.186,8000.0,13119.37,1.64,0,0,8149.32,grant,0
50.6,1.074,8000.0,10862.04,1.358,0,0,23985.8,grant,0
79.7,2.0,8000.0,19625.45,2.453,0,0,12851.38,micro_credit,0
92.4,1.428,16030.62,14219.56,0.887,1,0,-230.01,bnpl,0
74.7,1.483,12334.19,6317.78,0.512,0,1,11471.67,grant,0
84.9,1.559,18144.51,18503.45,1.02,1,0,11865.35,grant,0
80.4,1.633,11866.62,4428.82,0.373,1,0,6572.53,grant,0
37.9,1.908,9629.8,10868.92,1.129,1,1,28142.35,cash,1
85.6,1.234,9586.32,10053.32,1.049,0,0,-5000.0,grant,0
57.7,1.499,9398.19,5349.58,0.569,0,0,32729.98,micro_credit,0
72.4,1.561,11852.44,7836.58,0.661,0,0,20214.41,grant,0
65.8,1.299,12810.9,27458.21,2.143,0,0,25046.93,bnpl,1
98.1,1.404,8000.0,27435.02,3.429,0,0,48981.27,cash,0
113.6,1.456,8000.0,6726.93,0.841,1,0,-5000.0,cash,0
72.3,2.0,9285.89,14275.18,1.537,0,0,36760.75,cash,0
64.9,2.12,24256.56,11247.36,0.464,1,0,1604.38,bnpl,0
92.4,1.453,8000.0,24457.23,3.057,0,0,33896.05,grant,0
78.9,1.196,8000.0,12822.75,1.603,0,0,3002.32,cash,0
66.5,1.836,13765.64,25796.1,1.874,0,0,-5000.0,cash,0
66.4,1.763,12108.16,28079.9,2.319,0,0,19569.66,micro_credit,0
121.2,1.701,15962.15,10117.95,0.634,1,0,12257.17,grant,0
97.8,2.002,13741.24,11547.86,0.84,0,1,36792.03,micro_credit,0
20.2,1.152,13450.01,12182.55,0.906,0,0,22899.25,cash,0
76.6,1.71,8000.0,16543.81,2.068,0,0,29899.46,cash,0
105.5,2.114,11046.23,14053.84,1.272,0,0,-5000.0,bnpl,0
61.7,1.496,15877.27,8638.2,0.544,0,1,26334.12,bnpl,0
75.0,1.5,11070.09,9748.45,0.881,0,0,4277.33,grant,0
32.4,1.481,8000.0,9101.65,1.138,0,0,19503.72,micro_credit,1
91.5,1.615,15489.8,16590.06,1.071,0,0,6688.99,micro_credit,0
63.4,1.638,12812.74,26077.14,2.035,0,0,33441.11,cash,0
61.5,1.521,13385.91,21750.65,1.625,0,0,28901.45,bnpl,0
73.4,1.199,8000.0,14043.97,1.755,0,0,18160.06,bnpl,0
47.5,1.562,13148.34,6417.77,0.488,0,0,31889.95,micro_credit,0
65.6,1.902,8000.0,6873.0,0.859,0,0,3753.53,grant,0
72.6,1.441,8980.4,14525.79,1.617,0,0,8918.77,grant,0
73.3,1.071,11804.83,11509.62,0.975,1,0,40985.27,cash,0
51.5,1.044,13070.73,14626.49,1.119,0,0,-5000.0,bnpl,0
36.8,1.98,18701.33,3077.58,0.165,0,0,3751.99,cash,0
116.6,1.417,8000.0,10347.32,1.293,1,0,-5000.0,micro_credit,0
32.4,1.845,8000.0,13849.43,1.731,0,0,27958.43,cash,1
38.7,1.291,17084.56,16205.25,0.949,0,0,888.86,bnpl,0
105.1,1.888,11170.97,7368.08,0.66,1,0,4557.92,micro_credit,0
82.2,1.497,15101.22,5211.51,0.345,0,0,-5000.0,grant,0
79.5,1.412,8000.0,4571.37,0.571,0,0,12351.83,micro_credit,0
73.7,1.733,10208.82,11238.13,1.101,1,0,33186.01,cash,0
42.2,1.7,8000.0,7622.81,0.953,1,1,-5000.0,cash,0
94.5,1.532,9837.17,6576.76,0.669,0,0,6605.52,cash,0
55.9,1.657,8000.0,25119.18,3.14,1,0,-5000.0,grant,0
54.8,2.02,8137.09,5865.35,0.721,1,0,15943.29,bnpl,0
63.1,1.316,8000.0,55414.99,6.927,0,0,7472.07,grant,0
26.9,1.968,13029.64,7930.28,0.609,1,0,-4796.14,grant,0
91.8,1.481,8000.0,32305.15,4.038,0,0,4188.17,cash,0
112.4,1.908,8000.0,21338.21,2.667,0,0,274.03,bnpl,0
28.3,1.431,11836.42,9372.12,0.792,0,0,6473.13,micro_credit,0
103.6,1.58,8000.0,17785.11,2.223,1,1,15558.16,bnpl,0
15.0,1.67,11805.52,12222.9,1.035,0,0,28050.61,cash,1
58.2,1.644,8000.0,15121.91,1.89,0,0,47155.07,bnpl,0
50.1,1.337,8000.0,12984.34,1.623,1,0,-5000.0,bnpl,0
85.5,1.787,12587.46,4570.47,0.363,0,0,29913.02,bnpl,0
98.4,1.782,11705.09,13644.67,1.166,1,0,30583.01,bnpl,0
123.1,1.283,16077.18,11528.54,0.717,0,0,9665.89,micro_credit,0
36.6,1.47,8000.0,9366.36,1.171,0,0,-5000.0,micro_credit,1
63.8,1.436,10337.57,4973.54,0.481,0,0,-5000.0,micro_credit,0
84.0,1.327,16051.19,13682.85,0.852,0,0,22921.72,micro_credit,0
110.3,1.463,8000.0,19524.72,2.441,0,0,21171.24,bnpl,0
70.3,1.94,8995.59,12308.26,1.368,0,0,12382.01,bnpl,0
51.6,1.572,18555.88,15440.24,0.832,1,0,12559.14,cash,0
71.0,1.643,13868.77,16900.21,1.219,0,0,6026.43,grant,0
83.1,1.684,8000.0,13260.26,1.658,1,1,-5000.0,micro_credit,0
87.1,1.735,13854.92,9727.62,0.702,0,0,17562.84,grant,0
110.6,1.946,9768.05,13051.08,1.336,0,0,31996.4,cash,0
37.5,1.46,18051.91,20668.38,1.145,0,0,18646.75,bnpl,1
37.4,1.536,8000.0,14502.43,1.813,0,0,-2568.24,micro_credit,1
49.4,0.972,17151.01,9702.38,0.566,1,0,14828.62,bnpl,0
74.9,1.251,8000.0,6954.03,0.869,0,0,-1017.03,cash,0
84.2,1.327,21718.52,21267.45,0.979,1,0,26550.47,bnpl,0
72.0,1.974,8972.3,11882.31,1.324,0,0,15059.54,cash,0
92.5,1.728,8000.0,9016.88,1.127,0,0,23518.25,bnpl,0
92.9,1.44,8000.0,10785.7,1.348,0,0,23223.46,grant,0
120.1,1.215,8168.52,9757.86,1.195,0,0,36404.5,bnpl,0
74.1,1.296,12726.13,9676.43,0.76,1,0,-5000.0,micro_credit,0
52.7,2.036,11765.12,12826.49,1.09,0,0,7501.91,cash,0
82.3,1.628,11287.78,12876.57,1.141,1,0,27638.37,bnpl,0
75.6,1.276,8000.0,4070.58,0.509,0,0,48482.71,grant,0
96.6,1.318,8718.22,8516.14,0.977,1,0,39765.85,bnpl,0
39.5,1.582,9425.39,19048.84,2.021,1,0,10127.83,bnpl,1
31.0,1.48,8000.0,12629.22,1.579,1,0,37815.19,cash,1
31.5,1.326,8000.0,9799.66,1.225,0,0,25322.26,micro_credit,1
70.7,1.666,8000.0,13717.92,1.715,0,0,26000.36,bnpl,0
56.7,1.769,10133.15,21482.7,2.12,0,0,8374.44,cash,0
84.5,1.539,9477.77,13938.52,1.471,1,0,21662.53,grant,0
43.8,1.951,8000.0,8294.54,1.037,0,0,10303.16,bnpl,1
85.3,1.991,8000.0,9143.22,1.143,0,0,-5000.0,cash,0
75.8,1.626,20248.95,12917.64,0.638,0,0,30792.45,cash,0
89.6,1.428,8000.0,14062.28,1.758,0,0,-5000.0,bnpl,0
107.4,1.505,16946.72,9282.46,0.548,0,1,16839.31,micro_credit,0
80.2,1.537,8146.17,15000.68,1.841,0,0,-4670.94,bnpl,0
44.8,1.898,13728.45,12534.5,0.913,0,1,41972.56,micro_credit,0
68.3,1.92,10710.81,6880.09,0.642,0,0,45264.72,bnpl,0
99.8,1.516,13728.47,9681.41,0.705,0,0,26924.68,grant,0
15.2,1.264,15377.6,10537.44,0.685,0,0,15735.76,micro_credit,0
41.3,2.067,16911.32,10825.1,0.64,0,0,4715.47,grant,0
100.7,2.105,15202.15,39914.36,2.626,0,0,-4602.32,grant,0
54.5,1.217,12073.79,13314.14,1.103,1,1,9264.88,cash,0
95.2,1.895,8000.0,8705.11,1.088,0,0,26762.58,micro_credit,0
63.3,1.327,15651.81,5947.79,0.38,0,0,6571.56,cash,0
83.2,1.389,14078.72,8840.67,0.628,1,0,37355.15,bnpl,0
71.9,1.738,13845.43,8559.98,0.618,0,0,-5000.0,bnpl,0
84.0,1.57,12709.71,10672.33,0.84,0,0,4252.3,cash,0
125.2,1.138,13770.41,8812.87,0.64,0,0,5955.98,micro_credit,0
67.1,1.325,12798.09,25974.07,2.03,0,0,20460.25,micro_credit,0
77.6,1.274,12488.6,39576.56,3.169,1,0,5147.5,grant,1
65.6,1.393,8000.0,2670.67,0.334,0,1,19290.64,grant,0
53.9,1.099,13890.15,6666.77,0.48,0,0,5903.96,micro_credit,0
111.7,1.155,8000.0,14018.29,1.752,0,0,32690.77,grant,0
35.6,1.664,12854.51,3895.05,0.303,0,0,26373.02,micro_credit,0
96.9,1.463,17388.35,22585.21,1.299,0,0,13856.12,micro_credit,0
63.7,1.278,9731.24,16537.2,1.699,0,0,6164.82,micro_credit,0
20.1,1.905,10781.65,9810.48,0.91,0,0,27428.85,cash,0
113.1,0.8,12033.13,5515.64,0.458,1,0,20983.99,bnpl,0
78.2,1.728,8000.0,4314.42,0.539,0,0,3893.37,cash,0
85.2,1.834,8000.0,21266.39,2.658,0,0,338.3,cash,0
84.1,1.407,10742.65,19742.57,1.838,0,0,-5000.0,grant,0
58.0,1.602,29164.65,7519.43,0.258,1,0,48722.41,grant,0
125.1,1.523,8654.47,8261.52,0.955,0,1,10772.35,bnpl,0
39.8,1.529,19411.02,8637.8,0.445,0,0,7666.96,grant,0
32.5,1.655,11148.02,12519.42,1.123,0,0,8097.11,grant,1
67.7,1.691,9769.62,14374.84,1.471,0,1,15869.69,cash,0
103.1,1.74,10794.45,27865.15,2.581,1,1,19564.83,micro_credit,0
107.6,1.72,8000.0,24776.7,3.097,0,0,14433.17,cash,0
73.7,1.629,8474.0,13696.09,1.616,1,1,1346.23,cash,0
106.9,1.518,8331.82,7268.4,0.872,0,0,16837.96,grant,0
79.7,1.659,8000.0,5010.8,0.626,0,0,23260.64,bnpl,0
112.1,1.263,20236.61,14131.35,0.698,0,0,11872.87,cash,0
65.1,1.162,15436.31,7890.51,0.511,0,0,-2036.52,micro_credit,0
99.8,1.023,8000.0,11968.41,1.496,1,1,17279.12,bnpl,0
87.1,1.465,30904.79,10664.32,0.345,0,0,7845.85,grant,0
55.1,1.585,13052.47,23434.58,1.795,1,0,-5000.0,cash,0
68.9,1.675,12889.6,12132.0,0.941,0,0,21763.63,grant,0
54.8,1.986,15470.38,5769.21,0.373,0,0,-5000.0,cash,0
48.8,1.74,8000.0,10076.25,1.26,0,1,20184.68,micro_credit,0
73.3,1.622,8000.0,16767.03,2.096,1,0,962.19,grant,0
66.9,1.617,10367.02,12248.87,1.182,0,0,-1511.28,cash,0
67.5,1.551,8000.0,9373.17,1.172,0,0,18978.24,cash,0
43.1,1.874,17523.99,6094.65,0.348,1,0,36437.15,bnpl,0
71.4,1.667,8000.0,20083.92,2.51,0,0,19309.69,bnpl,0
54.6,1.224,8000.0,13404.8,1.676,1,0,22304.49,grant,0
91.3,1.517,8000.0,8307.04,1.038,1,0,32742.28,micro_credit,0
62.9,1.59,8000.0,14546.72,1.818,1,1,3761.68,grant,0
101.2,1.767,8000.0,11274.91,1.409,0,1,2079.91,micro_credit,0
39.5,1.31,10820.5,14456.4,1.336,0,1,14673.86,bnpl,1
67.5,1.811,10184.21,17797.08,1.748,0,0,-5000.0,grant,0
15.0,1.629,8000.0,10755.27,1.344,0,0,6562.25,bnpl,1
114.7,1.662,10664.08,19155.5,1.796,1,1,18632.96,micro_credit,0
63.6,1.85,8000.0,14440.41,1.805,0,0,-5000.0,cash,0
80.1,1.604,21044.71,5111.58,0.243,0,0,1184.03,micro_credit,0
95.6,1.644,10733.63,7144.69,0.666,0,0,1365.27,bnpl,0
106.1,1.536,11718.36,11346.29,0.968,0,1,-5000.0,bnpl,0
98.3,1.691,27932.23,6914.88,0.248,1,0,26806.31,grant,0
42.2,1.594,15358.56,3867.35,0.252,0,0,8311.22,grant,0
60.9,1.353,11770.43,22390.17,1.902,0,0,9600.98,cash,0
80.1,1.582,9905.16,6639.96,0.67,1,0,31952.0,cash,0
82.4,1.661,8000.0,9390.26,1.174,0,0,8829.58,cash,0
36.6,1.077,8000.0,16113.08,2.014,1,0,243.53,cash,1
49.5,1.322,8063.44,9950.49,1.234,0,1,50979.39,grant,0
101.4,1.837,16745.1,6978.91,0.417,1,0,-5000.0,grant,0
47.3,1.924,8000.0,6073.89,0.759,0,0,4242.07,grant,0
69.0,1.625,11080.34,7665.62,0.692,0,0,24341.82,cash,0
59.0,1.506,13481.16,8493.01,0.63,0,0,1751.67,grant,0
89.8,1.31,8323.55,16410.2,1.972,1,1,48973.66,bnpl,0
90.1,1.682,12567.39,6699.21,0.533,0,0,14080.74,micro_credit,0
74.3,1.64,10429.87,14895.8,1.428,0,0,6393.59,micro_credit,0
76.5,1.206,8570.16,25976.78,3.031,0,1,17738.55,grant,1
74.5,2.081,8000.0,6566.92,0.821,0,1,42828.81,grant,0
76.1,1.482,8000.0,15463.43,1.933,0,1,21800.28,bnpl,0
47.6,1.511,8510.18,13915.9,1.635,1,0,-5000.0,micro_credit,0
106.3,1.806,8404.91,10731.83,1.277,0,0,9544.4,bnpl,0
55.5,1.426,8763.74,29350.87,3.349,0,0,29039.13,micro_credit,0
98.4,1.654,8000.0,11815.65,1.477,0,0,29468.79,bnpl,0
43.5,1.728,28146.38,21676.83,0.77,1,0,37452.52,cash,0
80.5,1.821,8000.0,18727.07,2.341,1,0,23778.99,cash,0
82.2,1.918,8000.0,10906.55,1.363,0,1,13718.32,bnpl,0
49.3,1.614,8000.0,21500.36,2.688,0,0,12839.47,grant,0
62.0,1.316,8905.63,17650.91,1.982,1,0,21859.3,micro_credit,0
57.4,1.313,13301.13,8125.06,0.611,1,0,13078.38,micro_credit,0
78.1,1.637,14562.74,6035.24,0.414,0,0,-5000.0,cash,0
60.8,2.054,24587.13,33095.33,1.346,0,0,8526.34,micro_credit,0
30.4,0.894,8000.0,10840.66,1.355,0,0,35411.26,micro_credit,1
96.7,1.614,8000.0,7126.47,0.891,0,0,16574.3,grant,0
92.4,1.66,8000.0,17289.72,2.161,0,0,19666.4,micro_credit,0
48.2,1.33,13491.61,10625.59,0.788,0,0,40604.65,bnpl,0
87.5,1.414,9851.78,12517.22,1.271,0,1,-1111.03,grant,0
52.2,1.746,14477.82,16849.56,1.164,0,0,39275.73,bnpl,0
61.5,2.019,8000.0,6925.9,0.866,1,0,-5000.0,cash,0
63.9,1.409,12539.91,13823.7,1.102,0,1,-5000.0,cash,0
65.2,1.446,8000.0,7047.86,0.881,0,0,-1874.65,grant,0
110.8,1.604,13332.71,5301.53,0.398,0,0,33495.86,bnpl,0
107.5,0.99,8000.0,15877.7,1.985,0,0,23598.99,bnpl,0
58.0,1.464,8000.0,12845.26,1.606,0,0,33549.21,micro_credit,0
55.7,1.83,8000.0,7584.07,0.948,1,0,26734.7,bnpl,0
98.0,1.788,8000.0,9355.57,1.169,0,0,26813.79,grant,0
76.0,1.249,12164.09,8158.83,0.671,1,0,44301.45,grant,0
113.6,1.719,18259.72,12526.92,0.686,0,0,25777.87,cash,0
111.9,1.619,8823.43,4733.68,0.536,0,0,10503.6,bnpl,0
95.6,1.815,12418.77,8975.78,0.723,0,0,-5000.0,bnpl,0
62.6,1.465,8597.12,16987.04,1.976,0,0,47742.18,micro_credit,0
78.1,1.489,8807.42,12944.31,1.47,1,0,-2909.29,cash,0
78.0,1.676,10876.49,15547.39,1.429,1,0,19807.46,bnpl,0
30.7,1.728,8000.0,6616.28,0.827,0,0,-5000.0,cash,0
85.8,1.488,8000.0,15723.64,1.965,1,1,-5000.0,cash,0
78.5,1.617,14742.79,32206.6,2.185,0,0,-5000.0,bnpl,0
73.7,1.473,12030.34,13610.79,1.131,0,0,5654.17,cash,0
64.0,1.237,15437.23,15561.61,1.008,0,1,28519.83,cash,0
67.2,1.366,8000.0,14726.51,1.841,1,0,-5000.0,grant,0
121.2,1.184,11194.16,28617.4,2.556,0,0,22783.62,bnpl,1
79.4,1.279,8000.0,18463.07,2.308,1,0,39110.65,grant,0
64.0,1.231,8000.0,7048.57,0.881,0,0,9954.18,micro_credit,0
115.0,1.738,11353.58,9700.51,0.854,0,0,1503.02,micro_credit,0
110.1,1.606,8000.0,8346.13,1.043,1,0,-3447.89,cash,0
61.3,1.708,9429.99,11587.98,1.229,1,0,35642.52,cash,0
57.6,2.072,8000.0,12696.21,1.587,1,0,6938.34,grant,0
78.1,1.674,12030.81,7988.72,0.664,1,0,-5000.0,grant,0
137.6,1.414,13556.83,4993.03,0.368,0,0,6966.97,bnpl,0
71.8,1.682,8000.0,13245.03,1.656,1,0,-5000.0,cash,0
83.1,1.26,8000.0,10399.41,1.3,0,0,-5000.0,bnpl,0
63.1,1.216,8000.0,21160.18,2.645,0,0,-5000.0,grant,1
70.5,1.761,8000.0,7678.34,0.96,0,0,16072.29,cash,0
102.9,1.223,9250.51,4661.67,0.504,0,0,4922.38,cash,0
75.9,1.311,8057.46,5571.81,0.692,1,0,13387.42,bnpl,0
101.4,1.243,8000.0,15937.03,1.992,1,0,33817.63,bnpl,0
37.7,1.503,11241.96,11428.54,1.017,0,0,-5000.0,micro_credit,1
87.5,1.975,10430.59,6856.08,0.657,0,0,2763.71,bnpl,0
119.2,1.805,13200.53,14706.24,1.114,0,0,99.53,cash,0
70.0,1.528,12674.01,27719.89,2.187,1,0,32130.09,grant,0
39.5,1.613,13787.86,16989.88,1.232,0,0,673.79,micro_credit,1
147.9,1.192,8000.0,13745.64,1.718,0,0,50102.45,grant,0
54.1,1.476,16071.17,11970.2,0.745,0,0,5977.13,cash,0
89.1,1.626,15735.86,24595.23,1.563,0,0,17526.06,grant,0
82.3,1.61,12333.92,12460.81,1.01,1,0,11989.05,grant,0
104.9,1.975,8000.0,12155.19,1.519,1,1,-396.5,bnpl,0
67.2,1.663,13376.4,11365.42,0.85,0,0,-5000.0,grant,0
50.9,1.801,8000.0,23227.33,2.903,0,0,21382.14,bnpl,0
107.9,1.494,8000.0,15316.71,1.915,0,0,34943.76,micro_credit,0
98.1,1.364,10291.18,9017.66,0.876,0,0,-2746.8,grant,0
98.9,1.215,8000.0,6586.56,0.823,0,0,-5000.0,cash,0
78.7,1.875,9107.06,5280.83,0.58,0,0,27119.0,micro_credit,0
117.1,1.369,8000.0,16052.4,2.007,0,0,41193.73,cash,0
62.0,1.177,13149.49,18760.1,1.427,1,0,12110.37,grant,0
61.0,1.828,12551.76,7921.69,0.631,1,1,12883.71,micro_credit,0
41.2,1.742,8795.49,9512.47,1.082,1,0,11408.26,bnpl,1
76.0,1.801,12913.01,11091.95,0.859,0,0,25746.03,cash,0
85.0,1.431,9356.97,11142.0,1.191,0,0,21094.7,bnpl,0
65.8,1.441,24003.16,20269.13,0.844,0,0,-1690.81,grant,0
89.3,1.583,11804.05,13036.88,1.104,0,0,33413.57,micro_credit,0
83.6,1.533,15819.3,13743.3,0.869,0,0,14186.61,micro_credit,0
82.9,1.524,9938.31,8754.45,0.881,1,0,-1521.01,cash,0
50.0,1.16,8000.0,10983.54,1.373,1,1,13856.12,bnpl,0
68.2,0.89,20101.78,21972.88,1.093,1,0,20023.68,grant,1
122.7,1.276,23142.62,7109.11,0.307,1,0,16297.28,bnpl,0
43.2,1.554,11775.48,11102.44,0.943,1,0,24849.79,micro_credit,0
77.5,1.404,8000.0,18882.72,2.36,0,0,232.64,grant,0
97.9,1.892,8000.0,22541.41,2.818,0,0,49087.61,grant,0
81.3,1.718,15782.43,10388.81,0.658,1,0,15281.04,micro_credit,0
42.1,1.589,12383.87,16056.83,1.297,0,0,31177.65,micro_credit,1
55.6,1.401,23224.85,11129.11,0.479,0,0,15600.61,bnpl,0
73.3,1.32,20549.42,9043.16,0.44,0,1,-5000.0,cash,0
63.7,0.99,8000.0,7097.72,0.887,0,0,23113.72,bnpl,0
58.2,1.799,18570.28,18576.39,1.0,1,0,8123.01,grant,0
78.5,1.123,9318.89,7530.82,0.808,0,0,24497.87,bnpl,0
139.3,1.69,8000.0,9910.24,1.239,0,0,14204.84,cash,0
77.2,1.345,11052.16,6103.54,0.552,0,0,-5000.0,bnpl,0
91.1,1.266,12609.37,5691.87,0.451,1,0,43766.87,cash,0
55.6,1.487,11484.76,8857.83,0.771,0,0,14581.31,micro_credit,0
89.4,1.819,14131.67,10998.39,0.778,1,1,9360.63,grant,0
133.7,1.816,8000.0,12771.78,1.596,0,1,5967.42,cash,0
71.6,1.206,8222.54,32740.09,3.982,0,0,22423.37,micro_credit,1
15.0,1.891,16160.63,9920.84,0.614,0,0,24910.74,micro_credit,0
53.5,1.418,19425.58,10410.27,0.536,0,0,-5000.0,bnpl,0
73.4,1.528,16971.08,12184.07,0.718,0,0,4411.52,grant,0
101.1,1.584,8000.0,22816.71,2.852,0,0,15485.91,grant,0
75.1,1.6,8000.0,9043.4,1.13,0,0,12064.49,grant,0
70.1,1.906,10914.34,19345.15,1.772,0,0,12169.12,bnpl,0
101.4,1.661,9957.08,12000.39,1.205,1,0,-5000.0,micro_credit,0
87.7,1.539,8000.0,22215.69,2.777,0,0,-5000.0,micro_credit,0
64.4,1.838,11407.03,11774.34,1.032,0,0,16518.06,micro_credit,0
79.5,1.125,8457.7,29409.91,3.477,0,1,132.17,bnpl,1
67.0,1.398,9517.08,8771.67,0.922,0,0,20761.35,micro_credit,0
79.9,1.767,8000.0,10024.75,1.253,1,0,7936.99,bnpl,0
86.4,1.328,14943.69,23214.41,1.553,0,0,-5000.0,micro_credit,0
62.7,1.401,32356.62,9542.92,0.295,0,0,42197.26,grant,0
43.3,1.273,8000.0,7592.16,0.949,0,0,7177.82,micro_credit,0
57.3,1.321,16669.11,23696.59,1.422,1,0,29087.34,cash,0
88.1,1.576,8000.0,7156.41,0.895,1,0,18533.92,cash,0
45.7,1.272,16627.46,34384.36,2.068,0,0,19079.31,bnpl,1
102.7,1.481,8000.0,16927.49,2.116,0,0,22247.21,grant,0
76.8,1.482,15260.07,7029.33,0.461,1,0,-1928.05,grant,0
49.8,1.574,8000.0,8297.15,1.037,0,1,-703.6,grant,0
68.5,1.134,10293.24,24004.99,2.332,0,0,14438.84,grant,1
113.5,1.924,14044.42,12595.28,0.897,1,1,12405.01,grant,0
94.1,1.44,8000.0,15844.89,1.981,0,0,-5000.0,cash,0
50.9,1.55,9482.41,5560.03,0.586,1,0,14978.85,bnpl,0
99.2,1.234,17546.64,5125.1,0.292,0,0,50111.83,bnpl,0
64.7,1.591,8000.0,11682.24,1.46,1,1,16112.68,bnpl,0
72.8,1.392,8000.0,22511.68,2.814,1,0,12554.53,micro_credit,0
113.5,1.403,8138.35,18931.39,2.326,1,0,-5000.0,bnpl,0
44.7,1.857,8000.0,4444.94,0.556,0,1,45633.49,bnpl,0
40.2,1.602,10209.65,2576.42,0.252,0,0,7188.29,bnpl,0
86.2,1.649,14862.32,9768.12,0.657,1,0,24825.08,cash,0
57.8,1.155,8000.0,5409.11,0.676,0,0,30172.55,cash,0
37.1,1.627,8780.9,11424.82,1.301,1,1,36544.93,micro_credit,1
64.0,1.721,10065.85,11118.77,1.105,0,1,53399.44,bnpl,0
39.0,1.911,13298.19,9285.98,0.698,1,0,41327.73,cash,0
28.8,1.404,8000.0,15163.49,1.895,1,0,-5000.0,bnpl,1
85.8,1.498,8000.0,14969.29,1.871,1,0,7164.81,micro_credit,0
47.8,2.334,8000.0,3569.98,0.446,0,0,-3157.78,cash,0
43.3,1.781,11438.54,15052.39,1.316,0,0,5339.6,bnpl,1
68.0,1.446,9542.04,19138.04,2.006,0,0,18049.36,grant,0
87.5,1.69,14735.27,14164.34,0.961,1,0,18459.27,micro_credit,0
104.7,1.364,8000.0,6296.46,0.787,1,0,15292.46,micro_credit,0
28.7,1.679,9422.57,22562.67,2.395,0,0,-94.51,bnpl,1
69.9,1.864,18442.46,8315.83,0.451,0,0,15272.06,micro_credit,0
82.4,1.655,8794.14,24459.18,2.781,0,0,-5000.0,grant,0
64.5,1.675,12158.1,25438.46,2.092,0,0,33568.06,micro_credit,0
67.9,1.914,8000.0,20170.73,2.521,0,1,44589.4,cash,0
105.4,1.58,8524.5,5214.9,0.612,0,0,17589.71,bnpl,0
47.1,1.328,8000.0,9384.21,1.173,0,0,11496.55,grant,0
81.8,1.382,16013.34,10780.42,0.673,0,1,-2179.0,grant,0
80.7,2.1,11508.28,9901.38,0.86,0,0,-5000.0,cash,0
69.5,1.616,8313.11,4836.94,0.582,0,1,-3310.18,cash,0
111.4,1.952,8000.0,17501.05,2.188,0,0,-5000.0,bnpl,0
110.1,1.619,15174.0,4706.49,0.31,0,1,24197.47,cash,0
74.8,1.789,14938.4,12533.77,0.839,0,0,1185.07,cash,0
94.5,1.533,8000.0,7287.5,0.911,0,0,-5000.0,micro_credit,0
62.2,1.859,10721.68,9032.89,0.842,1,0,26487.41,grant,0
54.2,1.577,9128.59,18555.51,2.033,0,0,-5000.0,cash,0
53.7,1.091,8805.94,23535.97,2.673,0,0,2901.95,cash,1
62.2,1.794,16008.05,11513.62,0.719,1,0,24324.87,grant,0
48.1,1.936,26027.73,16101.52,0.619,0,0,-5000.0,bnpl,0
61.0,1.722,8187.24,24335.93,2.972,1,0,22586.83,micro_credit,0
57.3,1.559,8000.0,10933.41,1.367,0,0,2017.32,bnpl,0
104.4,2.142,8000.0,4197.44,0.525,1,0,7586.9,grant,0
37.0,1.563,13863.59,27495.51,1.983,0,1,15625.1,cash,1
70.2,0.996,10014.44,12571.76,1.255,1,0,23501.22,bnpl,0
57.3,1.428,8000.0,3428.19,0.429,0,1,-5000.0,grant,0
35.7,1.644,8000.0,8990.91,1.124,0,1,-5000.0,cash,1
15.0,1.972,8000.0,9635.11,1.204,0,0,-5000.0,bnpl,1
99.3,1.59,8000.0,9742.7,1.218,0,0,42207.24,grant,0
73.2,1.499,8000.0,4264.07,0.533,1,0,9119.3,bnpl,0
83.1,1.858,8000.0,6510.67,0.814,1,1,1546.66,cash,0
74.9,1.509,9369.73,15130.27,1.615,1,0,-4259.28,grant,0
98.4,1.671,8570.45,29158.43,3.402,0,0,40015.49,micro_credit,0
98.3,0.8,20141.25,18715.68,0.929,0,0,48115.36,cash,0
105.9,1.992,14696.94,25381.64,1.727,0,0,47894.23,micro_credit,0
80.4,1.11,8618.3,14979.98,1.738,1,1,13347.98,bnpl,0
43.8,1.093,8000.0,18849.78,2.356,0,0,40446.12,grant,1
97.9,1.846,9543.67,4637.15,0.486,1,0,3806.03,cash,0
68.5,1.411,10143.75,15410.14,1.519,0,0,27354.27,micro_credit,0
68.0,1.017,8000.0,12382.52,1.548,0,0,34010.54,grant,0
60.8,1.694,11277.21,12383.81,1.098,0,1,28749.6,cash,0
58.5,1.389,9844.27,8500.83,0.864,0,1,21144.22,grant,0
57.2,1.613,9460.89,13605.23,1.438,0,1,3724.65,cash,0
66.5,1.577,10839.3,12060.48,1.113,1,0,42696.52,bnpl,0
50.2,1.532,8000.0,14833.52,1.854,0,0,-5000.0,micro_credit,0
68.0,1.446,11230.64,8919.23,0.794,0,0,1284.5,cash,0
110.9,1.63,8000.0,10530.61,1.316,1,0,41616.39,cash,0
69.1,1.357,8000.0,8937.23,1.117,1,1,1299.04,bnpl,0
43.0,1.235,8000.0,16736.78,2.092,0,0,5137.73,micro_credit,1
69.8,1.906,17725.39,10350.93,0.584,1,0,644.46,bnpl,0
53.4,1.744,9026.15,9773.48,1.083,1,0,-2645.96,micro_credit,0
55.8,1.64,8000.0,20893.17,2.612,1,0,2390.8,bnpl,0
71.3,1.176,9842.21,10091.24,1.025,1,1,11098.55,bnpl,0
111.8,1.6,8000.0,8174.49,1.022,0,0,22712.36,bnpl,0
107.5,1.629,13492.92,16904.85,1.253,1,1,37543.16,micro_credit,0
26.3,1.737,15408.6,5788.93,0.376,1,0,-3942.03,micro_credit,0
53.7,1.346,8000.0,13813.91,1.727,0,0,27582.14,micro_credit,0
102.0,1.315,8000.0,24926.88,3.116,0,0,23641.39,grant,0
77.1,1.683,9765.28,16131.38,1.652,0,1,5950.8,cash,0
81.7,1.127,8000.0,8330.21,1.041,0,0,5260.98,grant,0
51.8,1.401,8000.0,16346.76,2.043,1,0,10514.76,cash,0
32.4,1.316,11515.75,8967.28,0.779,0,0,-544.95,micro_credit,0
73.1,1.646,8000.0,16359.61,2.045,1,0,-2405.28,bnpl,0
74.6,1.54,8000.0,6884.22,0.861,0,1,6857.64,grant,0
115.6,1.169,21195.43,10479.26,0.494,0,0,12636.69,grant,0
47.8,1.334,8000.0,6801.29,0.85,0,0,8239.48,micro_credit,0
64.8,2.068,8000.0,12790.78,1.599,0,1,16461.23,micro_credit,0
48.2,1.742,8273.0,3069.24,0.371,0,0,23877.29,cash,0
47.1,1.257,13488.0,9987.22,0.74,1,0,28519.9,cash,0
105.3,1.369,14142.9,7978.43,0.564,1,0,52196.09,bnpl,0
57.7,1.837,14468.16,14383.66,0.994,0,0,-69.78,cash,0
71.2,0.947,10948.84,14651.36,1.338,1,1,14402.99,micro_credit,0
15.0,1.196,8000.0,14191.7,1.774,0,0,17208.1,bnpl,1
70.7,1.728,8000.0,16909.47,2.114,0,0,20545.36,grant,0
84.4,1.499,22557.77,15855.28,0.703,0,0,-5000.0,micro_credit,0
81.2,1.761,8000.0,22006.65,2.751,0,0,18876.61,bnpl,0
16.4,1.634,8244.38,16243.51,1.97,1,0,28995.87,micro_credit,1
79.9,2.016,9132.38,17045.64,1.867,0,0,26488.97,cash,0
72.6,1.768,8000.0,9581.48,1.198,0,1,-5000.0,bnpl,0
81.0,1.641,16825.8,18678.47,1.11,0,0,6873.68,micro_credit,0
45.5,1.671,16314.98,18312.73,1.122,0,0,31520.6,grant,0
69.7,1.419,8000.0,11722.4,1.465,0,0,10585.37,micro_credit,0
80.2,1.514,9319.53,7885.79,0.846,0,0,28949.14,cash,0
76.9,1.501,8000.0,5810.65,0.726,0,0,35543.36,bnpl,0
88.9,1.095,13952.5,20077.69,1.439,0,0,14238.77,grant,1
115.0,1.611,8000.0,14777.23,1.847,0,0,16408.15,grant,0
59.9,1.711,8000.0,20843.8,2.605,0,0,-3806.19,grant,0
50.4,1.518,12026.14,13228.89,1.1,0,0,-1367.86,grant,0
62.3,1.233,8945.39,21834.83,2.441,0,0,11923.27,bnpl,1
96.5,1.958,8000.0,10909.45,1.364,0,0,51081.47,cash,0
111.1,1.082,11780.69,12092.1,1.026,1,0,26876.16,bnpl,0
56.4,1.315,8000.0,8825.84,1.103,0,0,26675.84,cash,0
45.5,1.376,8000.0,21034.41,2.629,1,0,34878.54,micro_credit,0
66.8,1.467,12136.22,27199.81,2.241,0,0,19354.99,grant,0
57.6,1.097,8000.0,12585.12,1.573,0,0,204.1,micro_credit,0
79.9,1.395,8000.0,6327.32,0.791,0,0,40122.38,cash,0
97.2,2.035,12619.24,9542.44,0.756,1,0,35820.14,bnpl,0
74.2,1.612,9708.23,2390.37,0.246,0,0,40885.23,bnpl,0
87.3,1.642,9625.79,13225.28,1.374,0,0,1248.98,cash,0
90.4,1.184,10761.51,16462.91,1.53,0,0,8423.96,grant,0
84.3,1.272,8000.0,13769.27,1.721,0,0,24213.89,cash,0
28.1,1.696,8000.0,10872.12,1.359,0,0,-5000.0,bnpl,1
53.7,1.821,10044.58,9793.48,0.975,1,0,9903.21,bnpl,0
87.2,1.673,9568.56,22051.31,2.305,0,0,29468.33,cash,0
85.3,1.565,13303.66,14369.27,1.08,0,0,31094.4,micro_credit,0
97.5,1.265,8000.0,8219.9,1.027,1,1,29570.5,cash,0
35.6,1.661,11650.97,22912.92,1.967,0,0,15246.1,grant,1
41.4,1.281,8000.0,8992.36,1.124,1,0,8707.77,cash,1
45.9,1.962,8000.0,25345.51,3.168,0,0,33332.93,grant,0
97.5,1.356,11546.1,5987.6,0.519,0,0,28396.33,cash,0
73.2,1.435,8000.0,3094.47,0.387,0,0,-5000.0,grant,0
102.8,1.437,9171.0,17336.25,1.89,1,0,44502.04,grant,0
108.1,1.278,8000.0,44257.84,5.532,0,0,52841.85,micro_credit,1
79.7,1.194,15267.05,11391.34,0.746,1,0,9966.34,grant,0
97.4,1.644,8000.0,10111.13,1.264,0,0,23900.75,cash,0
87.8,1.623,15063.66,9907.58,0.658,0,0,15216.06,cash,0
15.0,1.424,13957.28,9752.54,0.699,0,0,3607.91,cash,0
49.0,1.831,12667.67,19033.92,1.503,0,0,-5000.0,bnpl,0
71.0,1.472,8723.21,8614.35,0.988,1,0,5770.12,cash,0
96.2,1.014,22021.68,15773.91,0.716,0,0,11238.03,cash,0
97.7,1.143,8000.0,11309.61,1.414,1,0,36580.09,grant,0
73.8,1.676,8000.0,15799.97,1.975,0,0,42190.31,bnpl,0
99.9,1.527,13412.88,16607.91,1.238,0,0,21118.58,micro_credit,0
102.8,1.859,9346.7,17206.34,1.841,0,0,5104.29,bnpl,0
51.9,1.475,9563.17,4847.07,0.507,0,0,27485.99,cash,0
15.0,2.31,19454.73,10471.84,0.538,0,0,12169.67,cash,0
82.6,1.385,10793.28,11167.91,1.035,0,0,10303.09,bnpl,0
79.5,1.182,10074.94,13225.42,1.313,0,0,14319.29,micro_credit,0
69.6,1.869,8441.0,13698.33,1.623,1,0,35351.36,cash,0
73.0,1.61,9477.04,23874.19,2.519,0,0,7360.96,cash,0
107.1,1.521,8000.0,17564.85,2.196,0,0,6515.98,bnpl,0
90.5,0.8,9920.34,9388.28,0.946,0,0,-5000.0,bnpl,0
61.2,1.389,9685.71,5698.57,0.588,1,1,17692.93,cash,0
109.2,1.629,14243.34,22070.77,1.55,1,0,34256.81,bnpl,0
121.8,1.41,8000.0,18599.8,2.325,0,0,24748.79,bnpl,0
94.4,2.079,9947.9,15281.31,1.536,0,0,-5000.0,grant,0
128.4,1.456,8615.37,9989.48,1.159,1,0,391.87,cash,0
56.8,1.403,8000.0,7848.48,0.981,1,0,47081.34,bnpl,0
93.4,1.809,16810.25,33149.2,1.972,0,0,-5000.0,cash,0
44.3,1.325,8011.41,10246.45,1.279,0,0,3954.4,cash,1
80.5,1.56,8000.0,3653.53,0.457,1,0,-5000.0,grant,0
61.3,1.481,8000.0,9228.54,1.154,0,0,-5000.0,micro_credit,0
71.9,1.25,8000.0,5885.36,0.736,0,0,9236.99,cash,0
53.3,1.804,11880.25,11632.77,0.979,0,1,-2354.74,cash,0
84.5,1.743,10553.47,29203.27,2.767,1,1,20273.47,micro_credit,0
97.8,1.587,13413.93,7799.15,0.581,0,0,3748.83,micro_credit,0
83.7,1.646,12436.93,22141.66,1.78,0,0,-5000.0,cash,0
50.6,1.614,8000.0,77479.8,9.685,1,0,21282.95,grant,0
73.0,1.406,8000.0,12290.44,1.536,0,0,14015.67,bnpl,0
63.6,1.474,18122.84,25886.52,1.428,0,0,16536.61,grant,0
41.5,1.701,19918.96,25677.74,1.289,0,0,25219.67,grant,1
110.6,1.565,13129.89,8312.98,0.633,0,0,17260.78,grant,0
108.2,1.385,8000.0,12754.24,1.594,0,1,7920.08,grant,0
91.2,1.423,21446.09,5947.21,0.277,0,0,34567.23,cash,0
55.9,1.047,11015.34,10508.77,0.954,0,0,-5000.0,micro_credit,0
33.0,1.548,15353.93,16675.98,1.086,0,0,13020.72,micro_credit,1
87.0,1.542,8000.0,5533.13,0.692,1,1,8342.97,cash,0
71.0,1.788,13915.89,16862.09,1.212,1,0,6954.91,grant,0
40.5,1.665,12535.58,3249.67,0.259,1,0,-3018.09,bnpl,0
57.7,1.583,8000.0,11837.48,1.48,0,1,8210.37,grant,0
71.0,1.349,8000.0,6673.19,0.834,0,0,18841.21,micro_credit,0
89.3,1.334,19619.67,10167.68,0.518,1,0,39543.34,grant,0
58.9,0.983,11860.74,13859.13,1.168,0,0,12619.09,grant,0
58.9,1.54,8000.0,10236.43,1.28,0,0,27149.38,cash,0
79.6,1.721,8916.5,10015.51,1.123,0,0,-5000.0,micro_credit,0
65.7,0.8,8000.0,11556.11,1.445,1,1,22146.13,bnpl,0
68.3,1.647,8000.0,11716.34,1.465,0,0,-5000.0,bnpl,0
44.8,1.498,17576.51,14826.39,0.844,1,0,12328.16,bnpl,0
74.5,1.35,8000.0,15291.57,1.911,1,0,-5000.0,grant,0
89.8,1.441,14349.93,20508.64,1.429,1,0,-5000.0,micro_credit,0
60.5,1.31,8000.0,6850.7,0.856,0,0,55942.61,bnpl,0
90.2,2.087,14372.82,8038.41,0.559,0,1,5128.12,bnpl,0
89.7,1.673,8000.0,5268.51,0.659,0,0,71179.7,grant,0
71.5,1.459,10414.98,10577.66,1.016,0,0,14209.12,micro_credit,0
107.2,1.515,8000.0,11060.06,1.383,0,0,3640.77,grant,0
110.6,1.878,10387.79,5983.11,0.576,1,1,-5000.0,grant,0
75.4,1.644,8361.72,9282.69,1.11,0,0,1329.61,bnpl,0
74.4,0.883,8000.0,8562.28,1.07,1,0,33735.06,micro_credit,0
54.7,1.601,10959.31,24682.61,2.252,0,0,34726.39,bnpl,0
73.6,1.417,8000.0,10587.35,1.323,1,0,4187.4,bnpl,0
88.8,1.668,12917.14,24163.68,1.871,1,1,45531.64,bnpl,0
78.1,1.858,8448.57,23196.43,2.746,0,0,31107.16,grant,0
100.2,1.576,8000.0,5613.95,0.702,0,1,11279.33,grant,0
113.3,1.463,14091.22,19228.97,1.365,1,1,6893.65,bnpl,0
107.9,0.8,8000.0,7305.64,0.913,0,0,-2754.87,micro_credit,0
83.4,1.631,11817.02,16778.35,1.42,0,0,-5000.0,bnpl,0
44.5,1.661,8000.0,5096.14,0.637,0,0,29484.2,micro_credit,0
109.9,1.986,10766.06,17056.09,1.584,0,0,36657.63,cash,0
59.0,1.861,11202.9,19981.09,1.784,0,0,15349.67,grant,0
107.4,1.613,8000.0,26864.46,3.358,0,0,-5000.0,micro_credit,0
106.3,1.525,16801.19,22564.26,1.343,0,1,19742.57,micro_credit,0
87.7,1.668,8000.0,12901.28,1.613,1,0,-5000.0,cash,0
79.3,1.23,8000.0,29223.08,3.653,0,0,31250.05,micro_credit,1
74.9,1.602,8852.35,16538.26,1.868,0,0,-168.98,cash,0
99.8,1.479,8193.27,12233.61,1.493,0,0,1359.36,micro_credit,0
83.2,1.4,12220.08,23595.32,1.931,0,0,-947.79,cash,0
71.7,1.679,8134.46,15605.46,1.918,1,1,21997.18,micro_credit,0
102.1,1.38,8000.0,10207.03,1.276,0,0,-5000.0,micro_credit,0
89.1,1.225,28278.51,24655.62,0.872,0,1,12226.36,micro_credit,1
96.7,1.092,30807.64,8737.52,0.284,0,0,9831.05,grant,0
28.6,1.686,8000.0,12783.5,1.598,1,0,2203.06,micro_credit,1
48.1,1.325,10955.58,5974.05,0.545,1,0,-1478.61,bnpl,0
91.6,2.279,12270.03,7299.1,0.595,0,1,5391.94,micro_credit,0
75.8,1.452,14859.23,13624.3,0.917,1,0,28341.34,micro_credit,0
67.1,1.921,9182.75,7085.78,0.772,0,0,51191.77,cash,0
29.4,1.343,8000.0,48029.39,6.004,0,0,44523.46,grant,1
112.3,1.457,29489.22,14803.13,0.502,1,0,29590.74,bnpl,0
79.5,1.536,8836.97,10771.92,1.219,0,0,22952.85,cash,0
84.2,1.541,19521.78,2364.41,0.121,0,0,21177.97,grant,0
92.9,1.871,9612.39,13552.9,1.41,1,0,29747.07,bnpl,0
112.3,1.466,11160.53,30430.96,2.727,0,0,-5000.0,bnpl,0
57.7,1.96,16181.79,16112.41,0.996,0,0,3925.26,cash,0
53.0,1.384,19862.8,8555.73,0.431,1,1,13825.61,bnpl,0
56.2,1.786,8000.0,11456.62,1.432,0,0,-5000.0,bnpl,0
34.7,1.552,8000.0,38476.3,4.81,0,0,-5000.0,cash,1
55.0,1.555,8397.51,6586.12,0.784,1,0,-5000.0,bnpl,0
50.2,1.47,23822.08,12617.82,0.53,0,1,33292.21,cash,0
87.7,1.862,8000.0,10224.56,1.278,1,0,35528.44,micro_credit,0
60.7,2.043,19297.88,9339.22,0.484,0,0,2943.06,cash,0
49.7,1.374,8000.0,15303.64,1.913,1,0,-5000.0,cash,0
90.1,1.726,8000.0,28350.51,3.544,0,0,21244.97,cash,0
93.7,1.338,13096.11,22460.57,1.715,0,0,10225.05,bnpl,0
125.0,1.562,16536.97,14202.24,0.859,0,0,22539.39,bnpl,0
33.2,1.654,8000.0,7589.2,0.949,1,1,43393.86,bnpl,0
69.7,1.269,8420.22,5912.08,0.702,1,0,37809.92,cash,0
57.6,1.698,18219.51,9181.23,0.504,1,1,21576.4,micro_credit,0
49.2,2.235,15083.72,10873.31,0.721,0,0,-1911.01,bnpl,0
72.2,1.455,23832.97,6160.76,0.258,0,0,14426.43,micro_credit,0
74.5,1.517,9425.01,11340.79,1.203,0,1,27715.19,bnpl,0
90.2,1.667,8000.0,14255.34,1.782,0,1,-5000.0,micro_credit,0
91.2,1.963,8000.0,10467.4,1.308,0,0,1211.6,cash,0
105.9,1.577,21541.75,15177.43,0.705,0,0,16364.1,grant,0
76.7,1.779,8000.0,12669.33,1.584,0,1,10739.16,micro_credit,0
93.1,1.497,8000.0,12137.35,1.517,0,0,-5000.0,cash,0
26.9,1.754,12843.3,15629.26,1.217,0,0,35452.71,grant,1
58.4,1.149,9590.1,9985.36,1.041,0,0,-3161.32,micro_credit,0
73.0,1.379,8000.0,9483.92,1.185,0,0,-5000.0,grant,0
80.8,1.366,16321.43,29205.91,1.789,1,0,24228.86,bnpl,0
36.2,1.971,20112.05,12213.96,0.607,0,0,35812.67,grant,0
61.2,1.027,8000.0,31291.93,3.911,0,0,-5000.0,grant,1
75.0,1.56,8000.0,9471.69,1.184,0,1,13300.48,cash,0
60.9,1.152,10902.69,21814.97,2.001,1,1,27652.31,grant,1
54.8,1.2,8709.03,28632.15,3.288,0,0,23620.77,cash,1
92.6,1.799,11960.26,12917.45,1.08,1,0,23921.52,micro_credit,0
61.3,1.154,13702.71,23879.03,1.743,0,0,-5000.0,cash,1
95.5,2.021,9887.13,7708.65,0.78,0,0,14214.34,bnpl,0
61.2,1.377,12027.28,5003.78,0.416,0,0,-5000.0,micro_credit,0
75.5,1.544,11551.83,33906.91,2.935,0,0,13881.25,grant,0
90.0,1.277,13982.64,9049.68,0.647,0,0,13285.57,micro_credit,0
72.3,1.839,8000.0,3443.41,0.43,0,0,8158.21,bnpl,0
86.7,1.593,17231.46,15375.87,0.892,1,0,1850.73,bnpl,0
16.9,1.484,15718.31,9743.68,0.62,1,0,12509.76,grant,0
85.5,1.266,13101.16,29745.02,2.27,0,0,8889.36,cash,1
46.8,1.531,8000.0,14549.28,1.819,0,1,20140.94,bnpl,0
116.9,1.496,11894.35,7527.3,0.633,0,0,5584.31,cash,0
36.9,1.495,8626.64,14250.68,1.652,0,0,775.26,bnpl,1
77.1,1.457,8525.57,12634.66,1.482,0,0,12729.41,bnpl,0
94.0,1.516,8455.32,10944.1,1.294,0,0,-863.95,cash,0
66.0,2.119,8000.0,10370.69,1.296,1,0,5025.2,grant,0
68.8,1.457,11222.3,4719.24,0.421,0,0,30669.09,cash,0
90.8,1.202,8000.0,7062.9,0.883,0,1,7632.0,bnpl,0
139.5,1.702,8000.0,8272.48,1.034,0,0,11042.18,grant,0
81.3,1.182,9313.82,8146.13,0.875,1,0,-5000.0,micro_credit,0
81.5,1.767,14450.27,16579.34,1.147,1,0,3047.35,micro_credit,0
92.9,1.637,10512.01,8634.91,0.821,1,0,3056.23,cash,0
76.8,2.233,11333.96,8637.31,0.762,0,1,-2983.01,micro_credit,0
62.7,2.16,8269.54,19906.05,2.407,0,0,5233.29,grant,0
81.5,1.772,8000.0,8496.32,1.062,0,0,41859.65,micro_credit,0
99.6,1.771,14104.85,15564.79,1.104,0,1,48319.96,cash,0
76.1,1.712,8000.0,7679.21,0.96,0,0,-5000.0,grant,0
106.9,0.835,8258.19,2329.62,0.282,1,0,-2963.18,grant,0
62.7,1.938,11831.05,7644.73,0.646,1,0,31187.35,grant,0
75.4,1.561,8000.0,7012.8,0.877,0,0,-2851.75,cash,0
76.2,1.572,19827.83,14939.74,0.753,0,0,-5000.0,micro_credit,0
81.6,1.144,8000.0,7733.42,0.967,0,0,59.91,bnpl,0
40.6,1.607,8000.0,14708.3,1.839,0,0,52265.48,bnpl,1
41.8,1.47,8000.0,10244.39,1.281,0,0,23568.91,bnpl,1
93.0,1.572,14767.27,49036.98,3.321,1,1,42821.48,micro_credit,0
61.9,1.144,8243.93,7180.75,0.871,0,0,20124.26,grant,0
45.5,1.53,14430.6,11437.09,0.793,0,0,-5000.0,bnpl,0
